-- Auto-generated seed of 100 giros

-- Section 1: verticals
INSERT INTO verticals (code, name, active, modules) VALUES
('abarrotes', 'Abarrotes', true, ARRAY[]::text[]),
('ropa', 'Ropa', true, ARRAY[]::text[]),
('restaurante', 'Restaurante', true, ARRAY[]::text[]),
('taqueria', 'Taquería', true, ARRAY[]::text[]),
('papeleria', 'Papelería', true, ARRAY[]::text[]),
('farmacia', 'Farmacia', true, ARRAY[]::text[]),
('estetica', 'Estética', true, ARRAY[]::text[]),
('barberia', 'Barbería', true, ARRAY[]::text[]),
('ferreteria', 'Ferretería', true, ARRAY[]::text[]),
('carniceria', 'Carnicería', true, ARRAY[]::text[]),
('tortilleria', 'Tortillería', true, ARRAY[]::text[]),
('celulares', 'Celulares', true, ARRAY[]::text[]),
('refaccionaria', 'Refaccionaria', true, ARRAY[]::text[]),
('minisuper', 'Minisúper', true, ARRAY[]::text[]),
('cafeteria', 'Cafetería', true, ARRAY[]::text[]),
('dulceria', 'Dulcería', true, ARRAY[]::text[]),
('fruteria', 'Frutería', true, ARRAY[]::text[]),
('deposito', 'Depósito', true, ARRAY[]::text[]),
('taller-mecanico', 'Taller mecánico', true, ARRAY[]::text[]),
('ciber_cafe', 'Ciber café', true, ARRAY[]::text[]),
('veterinaria', 'Veterinaria', true, ARRAY[]::text[]),
('heladeria', 'Heladería', true, ARRAY[]::text[]),
('comida_corrida', 'Comida corrida', true, ARRAY[]::text[]),
('pizzeria', 'Pizzería', true, ARRAY[]::text[]),
('lavanderia', 'Lavandería', true, ARRAY[]::text[]),
('purificadora', 'Purificadora', true, ARRAY[]::text[]),
('tlapaleria', 'Tlapalería', true, ARRAY[]::text[]),
('joyeria', 'Joyería', true, ARRAY[]::text[]),
('zapateria', 'Zapatería', true, ARRAY[]::text[]),
('boutique', 'Boutique', true, ARRAY[]::text[]),
('cosmeticos', 'Cosméticos', true, ARRAY[]::text[]),
('imprenta', 'Imprenta', true, ARRAY[]::text[]),
('carpinteria', 'Carpintería', true, ARRAY[]::text[]),
('herreria', 'Herrería', true, ARRAY[]::text[]),
('regalos', 'Tienda Regalos', true, ARRAY[]::text[]),
('electronica', 'Electrónica', true, ARRAY[]::text[]),
('cerrajeria', 'Cerrajería', true, ARRAY[]::text[]),
('gimnasio', 'Gimnasio', true, ARRAY[]::text[]),
('hamburguesas', 'Hamburguesas', true, ARRAY[]::text[]),
('polleria', 'Pollería', true, ARRAY[]::text[]),
('marisqueria', 'Marisquería', true, ARRAY[]::text[]),
('hotel', 'Hotel', true, ARRAY[]::text[]),
('motel', 'Motel', true, ARRAY[]::text[]),
('naturista', 'Naturista', true, ARRAY[]::text[]),
('reparacion_celulares', 'Reparación celulares', true, ARRAY[]::text[]),
('agencia_de_viajes', 'Agencia viajes', true, ARRAY[]::text[]),
('tienda_mascotas', 'Tienda Mascotas', true, ARRAY[]::text[]),
('muebleria', 'Mueblería', true, ARRAY[]::text[]),
('vidrieria', 'Vidriería', true, ARRAY[]::text[]),
('llantera', 'Llantera', true, ARRAY[]::text[]),
('vulcanizadora', 'Vulcanizadora', true, ARRAY[]::text[]),
('neveria', 'Nevería', true, ARRAY[]::text[]),
('sushi', 'Sushi', true, ARRAY[]::text[]),
('pollos_asados', 'Pollos asados', true, ARRAY[]::text[]),
('escuela', 'Escuela', true, ARRAY[]::text[]),
('guarderia', 'Guardería', true, ARRAY[]::text[]),
('dentista', 'Dentista', true, ARRAY[]::text[]),
('medico', 'Médico', true, ARRAY[]::text[]),
('optica', 'Óptica', true, ARRAY[]::text[]),
('computacion', 'Computación', true, ARRAY[]::text[]),
('fotografia', 'Fotografía', true, ARRAY[]::text[]),
('floreria', 'Florería', true, ARRAY[]::text[]),
('paleteria', 'Paletería', true, ARRAY[]::text[]),
('pasteleria', 'Pastelería', true, ARRAY[]::text[]),
('cremeria', 'Cremería', true, ARRAY[]::text[]),
('construccion', 'Construcción', true, ARRAY[]::text[]),
('aluminio', 'Aluminio', true, ARRAY[]::text[]),
('carwash', 'Car wash', true, ARRAY[]::text[]),
('agencia_autos', 'Agencia autos', true, ARRAY[]::text[]),
('refresqueria', 'Refresquería', true, ARRAY[]::text[]),
('tienda_china', 'Tienda china', true, ARRAY[]::text[]),
('bazar', 'Bazar', true, ARRAY[]::text[]),
('casa_empeno', 'Casa empeño', true, ARRAY[]::text[]),
('deportes', 'Deportes', true, ARRAY[]::text[]),
('wisp', 'Internet WISP', true, ARRAY[]::text[]),
('electrodomesticos', 'Electrodomésticos', true, ARRAY[]::text[]),
('pollo_frito', 'Pollo frito', true, ARRAY[]::text[]),
('antojitos', 'Antojitos', true, ARRAY[]::text[]),
('banquetes', 'Banquetes', true, ARRAY[]::text[]),
('sonido', 'Sonido', true, ARRAY[]::text[]),
('tacos_vapor', 'Tacos vapor', true, ARRAY[]::text[]),
('ecologica', 'Ecológica', true, ARRAY[]::text[]),
('vape_shop', 'Vape shop', true, ARRAY[]::text[]),
('sex_shop', 'Sex shop', true, ARRAY[]::text[]),
('gamer', 'Gamer', true, ARRAY[]::text[]),
('cerveza_artesanal', 'Cerveza artesanal', true, ARRAY[]::text[]),
('paneles_solares', 'Paneles solares', true, ARRAY[]::text[]),
('cctv', 'CCTV', true, ARRAY[]::text[]),
('software', 'Software', true, ARRAY[]::text[]),
('marketing_digital', 'Marketing digital', true, ARRAY[]::text[]),
('hosting_web', 'Hosting web', true, ARRAY[]::text[]),
('coworking', 'Coworking', true, ARRAY[]::text[]),
('impresion_3d', 'Impresión 3D', true, ARRAY[]::text[]),
('drones', 'Drones', true, ARRAY[]::text[]),
('automatizacion', 'Automatización', true, ARRAY[]::text[]),
('ia_chatbots', 'IA Chatbots', true, ARRAY[]::text[]),
('criptomonedas', 'Criptomonedas', true, ARRAY[]::text[]),
('dark_kitchen', 'Dark kitchen', true, ARRAY[]::text[]),
('ghost_kitchen', 'Ghost kitchen', true, ARRAY[]::text[]),
('domotica', 'Domótica', true, ARRAY[]::text[])
ON CONFLICT (code) DO UPDATE SET name=EXCLUDED.name, active=true;

-- Section 2: giros_terminologia
INSERT INTO giros_terminologia (giro_slug, clave, valor_singular, valor_plural) VALUES
('abarrotes','cliente','Cliente','Clientes'),
('abarrotes','producto','Producto','Productos'),
('abarrotes','venta','Venta','Ventas'),
('abarrotes','inventario','Inventario','Inventario'),
('abarrotes','caducidad','Caducidad','Caducidad'),
('abarrotes','anaquel','Anaquel','Anaquel'),
('ropa','cliente','Cliente','Clientes'),
('ropa','producto','Prenda','Prendas'),
('ropa','venta','Venta','Ventas'),
('ropa','inventario','Inventario','Inventario'),
('ropa','talla','Talla','Talla'),
('ropa','coleccion','Colección','Colección'),
('restaurante','cliente','Comensal','Comensales'),
('restaurante','producto','Platillo','Platillos'),
('restaurante','venta','Cuenta','Cuentas'),
('restaurante','orden','Orden','Orden'),
('restaurante','ticket','Ticket','Ticket'),
('restaurante','comanda','Comanda','Comanda'),
('taqueria','cliente','Comensal','Comensales'),
('taqueria','producto','Platillo','Platillos'),
('taqueria','venta','Cobrar','Cobrar'),
('taqueria','orden','Orden','Orden'),
('taqueria','ticket','Ticket','Ticket'),
('taqueria','trompo','Trompo','Trompo'),
('papeleria','cliente','Cliente','Clientes'),
('papeleria','producto','Artículo','Artículos'),
('papeleria','venta','Venta','Ventas'),
('papeleria','inventario','Inventario','Inventario'),
('papeleria','enmicado','Enmicado','Enmicado'),
('farmacia','cliente','Paciente','Pacientes'),
('farmacia','producto','Medicamento','Medicamentos'),
('farmacia','venta','Vender','Vender'),
('farmacia','lote','Lote','Lote'),
('farmacia','caducidad','Caducidad','Caducidad'),
('farmacia','ingrediente_activo','Ingrediente activo','Ingrediente activo'),
('farmacia','ticket','Receta','Receta'),
('estetica','cliente','Cliente','Clientes'),
('estetica','producto','Servicio','Servicios'),
('estetica','venta','Cita','Citas'),
('estetica','cita','Cita','Cita'),
('estetica','manicure','Manicure','Manicure'),
('barberia','cliente','Cliente','Clientes'),
('barberia','producto','Servicio','Servicios'),
('barberia','venta','Cita','Citas'),
('barberia','cita','Cita','Cita'),
('barberia','degradado','Degradado','Degradado'),
('ferreteria','cliente','Cliente','Clientes'),
('ferreteria','producto','Herramienta','Herramientas'),
('ferreteria','venta','Vender','Vender'),
('ferreteria','sku','SKU','SKU'),
('ferreteria','calibre','Calibre','Calibre'),
('ferreteria','proveedor','Proveedor','Proveedor'),
('carniceria','cliente','Cliente','Clientes'),
('carniceria','producto','Corte','Cortes'),
('carniceria','venta','Vender','Vender'),
('carniceria','peso','Peso','Peso'),
('carniceria','corte','Corte','Corte'),
('tortilleria','cliente','Cliente','Clientes'),
('tortilleria','producto','Producto','Productos'),
('tortilleria','venta','Vender','Vender'),
('tortilleria','produccion','Producción','Producción'),
('tortilleria','nixtamal','Nixtamal','Nixtamal'),
('celulares','cliente','Cliente','Clientes'),
('celulares','producto','Equipo','Equipos'),
('celulares','venta','Vender','Vender'),
('celulares','imei','IMEI','IMEI'),
('celulares','liberacion','Liberación','Liberación'),
('refaccionaria','cliente','Cliente','Clientes'),
('refaccionaria','producto','Refacción','Refacciones'),
('refaccionaria','venta','Vender','Vender'),
('refaccionaria','proveedor','Proveedor','Proveedor'),
('refaccionaria','compatibilidad','Compatibilidad','Compatibilidad'),
('minisuper','cliente','Cliente','Clientes'),
('minisuper','producto','Producto','Productos'),
('minisuper','venta','Vender','Vender'),
('minisuper','ticket','Ticket','Ticket'),
('minisuper','exhibidor','Exhibidor','Exhibidor'),
('cafeteria','cliente','Cliente','Clientes'),
('cafeteria','producto','Producto','Productos'),
('cafeteria','venta','Vender','Vender'),
('cafeteria','ticket','Ticket','Ticket'),
('cafeteria','espresso','Espresso','Espresso'),
('dulceria','cliente','Cliente','Clientes'),
('dulceria','producto','Producto','Productos'),
('dulceria','venta','Vender','Vender'),
('dulceria','inventario','Inventario','Inventario'),
('dulceria','gomitas','Gomitas','Gomitas'),
('fruteria','cliente','Cliente','Clientes'),
('fruteria','producto','Producto','Productos'),
('fruteria','venta','Vender','Vender'),
('fruteria','merma','Merma','Merma'),
('fruteria','temporada','Temporada','Temporada'),
('deposito','cliente','Cliente','Clientes'),
('deposito','producto','Producto','Productos'),
('deposito','venta','Vender','Vender'),
('deposito','ticket','Ticket','Ticket'),
('deposito','retornable','Retornable','Retornable'),
('taller-mecanico','cliente','Cliente','Clientes'),
('taller-mecanico','producto','Servicio','Servicios'),
('taller-mecanico','venta','Servicio','Servicios'),
('taller-mecanico','orden_servicio','Orden Servicio','Orden Servicio'),
('taller-mecanico','kilometraje','Kilometraje','Kilometraje'),
('taller-mecanico','ticket','Orden','Orden'),
('ciber_cafe','cliente','Cliente','Clientes'),
('ciber_cafe','producto','Servicio','Servicios'),
('ciber_cafe','venta','Cobrar','Cobrar'),
('ciber_cafe','tiempo_aire','Tiempo aire','Tiempo aire'),
('veterinaria','cliente','Tutor','Tutores'),
('veterinaria','producto','Medicamento/Servicio','Medicamentos/Servicios'),
('veterinaria','venta','Vender','Vender'),
('veterinaria','expediente','Expediente','Expediente'),
('veterinaria','raza','Raza','Raza'),
('veterinaria','ticket','Historial','Historial'),
('heladeria','cliente','Cliente','Clientes'),
('heladeria','producto','Producto','Productos'),
('heladeria','venta','Vender','Vender'),
('heladeria','ticket','Ticket','Ticket'),
('heladeria','topping','Topping','Topping'),
('comida_corrida','cliente','Comensal','Comensales'),
('comida_corrida','producto','Guisado','Guisados'),
('comida_corrida','venta','Cobrar','Cobrar'),
('comida_corrida','orden','Orden','Orden'),
('comida_corrida','guisado','Guisado','Guisado'),
('comida_corrida','menu','Menú diario','Menú diario'),
('pizzeria','cliente','Comensal','Comensales'),
('pizzeria','producto','Pizza','Pizzas'),
('pizzeria','venta','Cobrar','Cobrar'),
('pizzeria','ticket','Ticket','Ticket'),
('pizzeria','orilla_rellena','Orilla rellena','Orilla rellena'),
('lavanderia','cliente','Cliente','Clientes'),
('lavanderia','producto','Servicio','Servicios'),
('lavanderia','venta','Cobrar','Cobrar'),
('lavanderia','ticket','Ticket','Ticket'),
('lavanderia','planchado','Planchado','Planchado'),
('purificadora','cliente','Cliente','Clientes'),
('purificadora','producto','Producto','Productos'),
('purificadora','venta','Vender','Vender'),
('purificadora','proveedor','Proveedor','Proveedor'),
('purificadora','garrafon','Garrafón','Garrafón'),
('tlapaleria','cliente','Cliente','Clientes'),
('tlapaleria','producto','Producto','Productos'),
('tlapaleria','venta','Vender','Vender'),
('tlapaleria','sku','SKU','SKU'),
('tlapaleria','pvc','PVC','PVC'),
('joyeria','cliente','Cliente','Clientes'),
('joyeria','producto','Joya','Joyas'),
('joyeria','venta','Vender','Vender'),
('joyeria','quilates','Quilates','Quilates'),
('zapateria','cliente','Cliente','Clientes'),
('zapateria','producto','Par de zapatos','Pares de zapatos'),
('zapateria','venta','Vender','Vender'),
('zapateria','talla','Talla','Talla'),
('zapateria','horma','Horma','Horma'),
('boutique','cliente','Cliente','Clientes'),
('boutique','producto','Prenda','Prendas'),
('boutique','venta','Vender','Vender'),
('boutique','outfit','Outfit','Outfit'),
('cosmeticos','cliente','Cliente','Clientes'),
('cosmeticos','producto','Producto','Productos'),
('cosmeticos','venta','Vender','Vender'),
('cosmeticos','proveedor','Proveedor','Proveedor'),
('cosmeticos','tono','Tono','Tono'),
('imprenta','cliente','Cliente','Clientes'),
('imprenta','producto','Trabajo','Trabajos'),
('imprenta','venta','Cobrar','Cobrar'),
('imprenta','orden','Orden','Orden'),
('imprenta','plotter','Plotter','Plotter'),
('carpinteria','cliente','Cliente','Clientes'),
('carpinteria','producto','Mueble','Muebles'),
('carpinteria','venta','Cotizar','Cotizar'),
('carpinteria','orden','Orden','Orden'),
('carpinteria','mdf','MDF','MDF'),
('herreria','cliente','Cliente','Clientes'),
('herreria','producto','Trabajo','Trabajos'),
('herreria','venta','Cotizar','Cotizar'),
('herreria','cotizacion','Cotización','Cotización'),
('herreria','soldadura','Soldadura','Soldadura'),
('regalos','cliente','Cliente','Clientes'),
('regalos','producto','Producto','Productos'),
('regalos','venta','Vender','Vender'),
('regalos','ticket','Ticket','Ticket'),
('regalos','envoltura','Envoltura','Envoltura'),
('electronica','cliente','Cliente','Clientes'),
('electronica','producto','Equipo','Equipos'),
('electronica','venta','Vender','Vender'),
('electronica','garantia','Garantía','Garantía'),
('electronica','voltaje','Voltaje','Voltaje'),
('cerrajeria','cliente','Cliente','Clientes'),
('cerrajeria','producto','Servicio','Servicios'),
('cerrajeria','venta','Cobrar','Cobrar'),
('cerrajeria','duplicado','Duplicado','Duplicado'),
('gimnasio','cliente','Miembro','Miembros'),
('gimnasio','producto','Plan','Planes'),
('gimnasio','venta','Inscribir','Inscribir'),
('gimnasio','membresia','Membresía','Membresía'),
('gimnasio','rutina','Rutina','Rutina'),
('gimnasio','ticket','Membresía','Membresía'),
('hamburguesas','cliente','Comensal','Comensales'),
('hamburguesas','producto','Producto','Productos'),
('hamburguesas','venta','Cobrar','Cobrar'),
('hamburguesas','orden','Orden','Orden'),
('hamburguesas','combo','Combo','Combo'),
('polleria','cliente','Cliente','Clientes'),
('polleria','producto','Producto','Productos'),
('polleria','venta','Vender','Vender'),
('polleria','peso','Peso','Peso'),
('polleria','rostizado','Rostizado','Rostizado'),
('marisqueria','cliente','Comensal','Comensales'),
('marisqueria','producto','Platillo','Platillos'),
('marisqueria','venta','Cobrar','Cobrar'),
('marisqueria','ticket','Ticket','Ticket'),
('marisqueria','ceviche','Ceviche','Ceviche'),
('hotel','cliente','Huésped','Huéspedes'),
('hotel','producto','Habitación','Habitaciones'),
('hotel','venta','Reservar','Reservar'),
('hotel','reservacion','Reservación','Reservación'),
('hotel','check_in','Check-in','Check-in'),
('hotel','ticket','Reserva','Reserva'),
('motel','cliente','Huésped','Huéspedes'),
('motel','producto','Habitación','Habitaciones'),
('motel','venta','Reservar','Reservar'),
('motel','reservacion','Reservación','Reservación'),
('motel','habitacion','Habitación','Habitación'),
('naturista','cliente','Cliente','Clientes'),
('naturista','producto','Suplemento','Suplementos'),
('naturista','venta','Vender','Vender'),
('naturista','inventario','Inventario','Inventario'),
('naturista','suplemento','Suplemento','Suplemento'),
('reparacion_celulares','cliente','Cliente','Clientes'),
('reparacion_celulares','producto','Servicio','Servicios'),
('reparacion_celulares','venta','Cobrar','Cobrar'),
('reparacion_celulares','orden_servicio','Orden Servicio','Orden Servicio'),
('reparacion_celulares','display','Display','Display'),
('agencia_de_viajes','cliente','Cliente','Clientes'),
('agencia_de_viajes','producto','Paquete','Paquetes'),
('agencia_de_viajes','venta','Reservar','Reservar'),
('agencia_de_viajes','reservacion','Reservación','Reservación'),
('agencia_de_viajes','itinerario','Itinerario','Itinerario'),
('tienda_mascotas','cliente','Cliente','Clientes'),
('tienda_mascotas','producto','Producto','Productos'),
('tienda_mascotas','venta','Vender','Vender'),
('tienda_mascotas','proveedor','Proveedor','Proveedor'),
('tienda_mascotas','croquetas','Croquetas','Croquetas'),
('muebleria','cliente','Cliente','Clientes'),
('muebleria','producto','Mueble','Muebles'),
('muebleria','venta','Vender','Vender'),
('muebleria','inventario','Inventario','Inventario'),
('muebleria','sala_modular','Sala modular','Sala modular'),
('vidrieria','cliente','Cliente','Clientes'),
('vidrieria','producto','Vidrio','Vidrios'),
('vidrieria','venta','Cotizar','Cotizar'),
('vidrieria','cotizacion','Cotización','Cotización'),
('vidrieria','templado','Templado','Templado'),
('llantera','cliente','Cliente','Clientes'),
('llantera','producto','Llanta','Llantas'),
('llantera','venta','Vender','Vender'),
('llantera','rin','Rin','Rin'),
('vulcanizadora','cliente','Cliente','Clientes'),
('vulcanizadora','producto','Servicio','Servicios'),
('vulcanizadora','venta','Cobrar','Cobrar'),
('vulcanizadora','orden','Orden','Orden'),
('vulcanizadora','parchado','Parchado','Parchado'),
('neveria','cliente','Cliente','Clientes'),
('neveria','producto','Producto','Productos'),
('neveria','venta','Vender','Vender'),
('neveria','ticket','Ticket','Ticket'),
('neveria','chamoyada','Chamoyada','Chamoyada'),
('sushi','cliente','Comensal','Comensales'),
('sushi','producto','Roll','Rolls'),
('sushi','venta','Cobrar','Cobrar'),
('sushi','ticket','Ticket','Ticket'),
('sushi','maki','Maki','Maki'),
('pollos_asados','cliente','Cliente','Clientes'),
('pollos_asados','producto','Producto','Productos'),
('pollos_asados','venta','Vender','Vender'),
('pollos_asados','ticket','Ticket','Ticket'),
('pollos_asados','rosticero','Rosticero','Rosticero'),
('escuela','cliente','Alumno','Alumnos'),
('escuela','producto','Servicio','Servicios'),
('escuela','venta','Inscribir','Inscribir'),
('escuela','boleta','Boleta','Boleta'),
('escuela','expediente','Expediente','Expediente'),
('guarderia','cliente','Niño','Niños'),
('guarderia','producto','Servicio','Servicios'),
('guarderia','venta','Inscribir','Inscribir'),
('guarderia','inscripcion','Inscripción','Inscripción'),
('guarderia','maternal','Maternal','Maternal'),
('dentista','cliente','Paciente','Pacientes'),
('dentista','producto','Tratamiento','Tratamientos'),
('dentista','venta','Cobrar','Cobrar'),
('dentista','odontograma','Odontograma','Odontograma'),
('dentista','ticket','Historial','Historial'),
('medico','cliente','Paciente','Pacientes'),
('medico','producto','Consulta','Consultas'),
('medico','venta','Cobrar','Cobrar'),
('medico','diagnostico','Diagnóstico','Diagnóstico'),
('medico','expediente','Expediente','Expediente'),
('optica','cliente','Paciente','Pacientes'),
('optica','producto','Armazón','Armazones'),
('optica','venta','Vender','Vender'),
('optica','receta','Receta','Receta'),
('optica','graduacion','Graduación','Graduación'),
('computacion','cliente','Cliente','Clientes'),
('computacion','producto','Equipo','Equipos'),
('computacion','venta','Vender','Vender'),
('computacion','garantia','Garantía','Garantía'),
('computacion','motherboard','Motherboard','Motherboard'),
('fotografia','cliente','Cliente','Clientes'),
('fotografia','producto','Servicio','Servicios'),
('fotografia','venta','Cotizar','Cotizar'),
('fotografia','evento','Evento','Evento'),
('fotografia','sesion','Sesión','Sesión'),
('floreria','cliente','Cliente','Clientes'),
('floreria','producto','Arreglo','Arreglos'),
('floreria','venta','Vender','Vender'),
('floreria','pedido','Pedido','Pedido'),
('floreria','ramo','Ramo','Ramo'),
('paleteria','cliente','Cliente','Clientes'),
('paleteria','producto','Producto','Productos'),
('paleteria','venta','Vender','Vender'),
('paleteria','ticket','Ticket','Ticket'),
('paleteria','topping','Topping','Topping'),
('pasteleria','cliente','Cliente','Clientes'),
('pasteleria','producto','Pastel','Pasteles'),
('pasteleria','venta','Vender','Vender'),
('pasteleria','pedido','Pedido','Pedido'),
('pasteleria','fondant','Fondant','Fondant'),
('cremeria','cliente','Cliente','Clientes'),
('cremeria','producto','Producto','Productos'),
('cremeria','venta','Vender','Vender'),
('cremeria','caducidad','Caducidad','Caducidad'),
('cremeria','embutido','Embutido','Embutido'),
('construccion','cliente','Cliente','Clientes'),
('construccion','producto','Material','Materiales'),
('construccion','venta','Vender','Vender'),
('construccion','proveedor','Proveedor','Proveedor'),
('construccion','block','Block','Block'),
('aluminio','cliente','Cliente','Clientes'),
('aluminio','producto','Cancelería','Cancelerías'),
('aluminio','venta','Cotizar','Cotizar'),
('aluminio','cotizacion','Cotización','Cotización'),
('aluminio','canceleria','Cancelería','Cancelería'),
('carwash','cliente','Cliente','Clientes'),
('carwash','producto','Servicio','Servicios'),
('carwash','venta','Cobrar','Cobrar'),
('carwash','ticket','Ticket','Ticket'),
('carwash','encerado','Encerado','Encerado'),
('agencia_autos','cliente','Cliente','Clientes'),
('agencia_autos','producto','Vehículo','Vehículos'),
('agencia_autos','venta','Vender','Vender'),
('agencia_autos','factura','Factura','Factura'),
('agencia_autos','vin','VIN','VIN'),
('refresqueria','cliente','Cliente','Clientes'),
('refresqueria','producto','Producto','Productos'),
('refresqueria','venta','Vender','Vender'),
('refresqueria','ticket','Ticket','Ticket'),
('refresqueria','raspado','Raspado','Raspado'),
('tienda_china','cliente','Cliente','Clientes'),
('tienda_china','producto','Producto','Productos'),
('tienda_china','venta','Vender','Vender'),
('tienda_china','inventario','Inventario','Inventario'),
('tienda_china','importacion','Importación','Importación'),
('bazar','cliente','Cliente','Clientes'),
('bazar','producto','Artículo','Artículos'),
('bazar','venta','Vender','Vender'),
('bazar','consignacion','Consignación','Consignación'),
('casa_empeno','cliente','Cliente','Clientes'),
('casa_empeno','producto','Empeño','Empeños'),
('casa_empeno','venta','Empeñar','Empeñar'),
('casa_empeno','contrato','Contrato','Contrato'),
('casa_empeno','avaluo','Avalúo','Avalúo'),
('deportes','cliente','Cliente','Clientes'),
('deportes','producto','Producto','Productos'),
('deportes','venta','Vender','Vender'),
('deportes','inventario','Inventario','Inventario'),
('deportes','balon','Balón','Balón'),
('wisp','cliente','Cliente','Clientes'),
('wisp','producto','Plan','Planes'),
('wisp','venta','Activar','Activar'),
('wisp','contrato','Contrato','Contrato'),
('wisp','fibra_optica','Fibra óptica','Fibra óptica'),
('electrodomesticos','cliente','Cliente','Clientes'),
('electrodomesticos','producto','Equipo','Equipos'),
('electrodomesticos','venta','Vender','Vender'),
('electrodomesticos','orden','Orden','Orden'),
('electrodomesticos','compresor','Compresor','Compresor'),
('pollo_frito','cliente','Comensal','Comensales'),
('pollo_frito','producto','Combo','Combos'),
('pollo_frito','venta','Cobrar','Cobrar'),
('pollo_frito','ticket','Ticket','Ticket'),
('pollo_frito','crujiente','Crujiente','Crujiente'),
('antojitos','cliente','Comensal','Comensales'),
('antojitos','producto','Antojito','Antojitos'),
('antojitos','venta','Cobrar','Cobrar'),
('antojitos','orden','Orden','Orden'),
('antojitos','sopes','Sopes','Sopes'),
('banquetes','cliente','Cliente','Clientes'),
('banquetes','producto','Servicio','Servicios'),
('banquetes','venta','Cotizar','Cotizar'),
('banquetes','cotizacion','Cotización','Cotización'),
('banquetes','montaje','Montaje','Montaje'),
('sonido','cliente','Cliente','Clientes'),
('sonido','producto','Servicio','Servicios'),
('sonido','venta','Cotizar','Cotizar'),
('sonido','proyecto','Proyecto','Proyecto'),
('sonido','consola','Consola','Consola'),
('tacos_vapor','cliente','Comensal','Comensales'),
('tacos_vapor','producto','Taco','Tacos'),
('tacos_vapor','venta','Cobrar','Cobrar'),
('tacos_vapor','ticket','Ticket','Ticket'),
('tacos_vapor','vaporera','Vaporera','Vaporera'),
('ecologica','cliente','Cliente','Clientes'),
('ecologica','producto','Producto','Productos'),
('ecologica','venta','Vender','Vender'),
('ecologica','inventario','Inventario','Inventario'),
('ecologica','biodegradable','Biodegradable','Biodegradable'),
('vape_shop','cliente','Cliente','Clientes'),
('vape_shop','producto','Producto','Productos'),
('vape_shop','venta','Vender','Vender'),
('vape_shop','inventario','Inventario','Inventario'),
('vape_shop','resistencia','Resistencia','Resistencia'),
('sex_shop','cliente','Cliente','Clientes'),
('sex_shop','producto','Producto','Productos'),
('sex_shop','venta','Vender','Vender'),
('sex_shop','inventario','Inventario','Inventario'),
('sex_shop','lenceria','Lencería','Lencería'),
('gamer','cliente','Cliente','Clientes'),
('gamer','producto','Producto','Productos'),
('gamer','venta','Vender','Vender'),
('gamer','consola','Consola','Consola'),
('gamer','videojuego','Videojuego','Videojuego'),
('cerveza_artesanal','cliente','Cliente','Clientes'),
('cerveza_artesanal','producto','Cerveza','Cervezas'),
('cerveza_artesanal','venta','Vender','Vender'),
('cerveza_artesanal','lote','Lote','Lote'),
('cerveza_artesanal','ipa','IPA','IPA'),
('paneles_solares','cliente','Cliente','Clientes'),
('paneles_solares','producto','Sistema','Sistemas'),
('paneles_solares','venta','Cotizar','Cotizar'),
('paneles_solares','cotizacion','Cotización','Cotización'),
('paneles_solares','inversor','Inversor','Inversor'),
('cctv','cliente','Cliente','Clientes'),
('cctv','producto','Servicio','Servicios'),
('cctv','venta','Cotizar','Cotizar'),
('cctv','instalacion','Instalación','Instalación'),
('cctv','dvr','DVR','DVR'),
('software','cliente','Cliente','Clientes'),
('software','producto','Licencia','Licencias'),
('software','venta','Suscribir','Suscribir'),
('software','licencia','Licencia','Licencia'),
('software','saas','SaaS','SaaS'),
('marketing_digital','cliente','Cliente','Clientes'),
('marketing_digital','producto','Servicio','Servicios'),
('marketing_digital','venta','Contratar','Contratar'),
('marketing_digital','campana','Campaña','Campaña'),
('marketing_digital','cpc','CPC','CPC'),
('hosting_web','cliente','Cliente','Clientes'),
('hosting_web','producto','Servicio','Servicios'),
('hosting_web','venta','Suscribir','Suscribir'),
('hosting_web','dominio','Dominio','Dominio'),
('hosting_web','dns','DNS','DNS'),
('coworking','cliente','Miembro','Miembros'),
('coworking','producto','Membresía','Membresías'),
('coworking','venta','Inscribir','Inscribir'),
('coworking','membresia','Membresía','Membresía'),
('coworking','sala_juntas','Sala juntas','Sala juntas'),
('impresion_3d','cliente','Cliente','Clientes'),
('impresion_3d','producto','Trabajo','Trabajos'),
('impresion_3d','venta','Cotizar','Cotizar'),
('impresion_3d','orden','Orden','Orden'),
('impresion_3d','filamento','Filamento','Filamento'),
('drones','cliente','Cliente','Clientes'),
('drones','producto','Equipo','Equipos'),
('drones','venta','Vender','Vender'),
('drones','garantia','Garantía','Garantía'),
('drones','estabilizador','Estabilizador','Estabilizador'),
('automatizacion','cliente','Cliente','Clientes'),
('automatizacion','producto','Servicio','Servicios'),
('automatizacion','venta','Cotizar','Cotizar'),
('automatizacion','proyecto','Proyecto','Proyecto'),
('automatizacion','plc','PLC','PLC'),
('ia_chatbots','cliente','Cliente','Clientes'),
('ia_chatbots','producto','Servicio','Servicios'),
('ia_chatbots','venta','Suscribir','Suscribir'),
('ia_chatbots','licencia','Licencia','Licencia'),
('ia_chatbots','prompt','Prompt','Prompt'),
('criptomonedas','cliente','Usuario','Usuarios'),
('criptomonedas','producto','Servicio','Servicios'),
('criptomonedas','venta','Operar','Operar'),
('criptomonedas','wallet','Wallet','Wallet'),
('criptomonedas','blockchain','Blockchain','Blockchain'),
('dark_kitchen','cliente','Cliente','Clientes'),
('dark_kitchen','producto','Producto','Productos'),
('dark_kitchen','venta','Cobrar','Cobrar'),
('dark_kitchen','orden','Orden','Orden'),
('dark_kitchen','app_delivery','App delivery','App delivery'),
('ghost_kitchen','cliente','Cliente','Clientes'),
('ghost_kitchen','producto','Producto','Productos'),
('ghost_kitchen','venta','Cobrar','Cobrar'),
('ghost_kitchen','orden','Orden','Orden'),
('ghost_kitchen','marca_virtual','Marca virtual','Marca virtual'),
('domotica','cliente','Cliente','Clientes'),
('domotica','producto','Servicio','Servicios'),
('domotica','venta','Cotizar','Cotizar'),
('domotica','instalacion','Instalación','Instalación'),
('domotica','iot','IoT','IoT')
ON CONFLICT (giro_slug, clave) DO UPDATE SET valor_singular=EXCLUDED.valor_singular, valor_plural=EXCLUDED.valor_plural, updated_at=now();

-- Section 3: giros_modulos
INSERT INTO giros_modulos (giro_slug, modulo, activo, state, orden) VALUES
('abarrotes','pos',true,'enabled',0),
('abarrotes','dashboard',true,'enabled',10),
('abarrotes','apertura',true,'enabled',20),
('abarrotes','corte',true,'enabled',30),
('abarrotes','ventas',true,'enabled',40),
('abarrotes','reportes',true,'enabled',50),
('abarrotes','clientes',true,'enabled',60),
('abarrotes','usuarios',true,'enabled',70),
('abarrotes','config',true,'enabled',80),
('abarrotes','devoluciones',true,'enabled',90),
('abarrotes','inventario',true,'enabled',100),
('abarrotes','kardex',true,'enabled',110),
('abarrotes','proveedores',true,'enabled',120),
('abarrotes','sugeridas',true,'enabled',130),
('abarrotes','actualizador',true,'enabled',140),
('abarrotes','recargas',true,'enabled',150),
('abarrotes','aplicacion',true,'enabled',160),
('ropa','pos',true,'enabled',0),
('ropa','dashboard',true,'enabled',10),
('ropa','apertura',true,'enabled',20),
('ropa','corte',true,'enabled',30),
('ropa','ventas',true,'enabled',40),
('ropa','reportes',true,'enabled',50),
('ropa','clientes',true,'enabled',60),
('ropa','usuarios',true,'enabled',70),
('ropa','config',true,'enabled',80),
('ropa','devoluciones',true,'enabled',90),
('ropa','inventario',true,'enabled',100),
('ropa','kardex',true,'enabled',110),
('ropa','credito',true,'enabled',120),
('ropa','proveedores',true,'enabled',130),
('ropa','departamentos',true,'enabled',140),
('ropa','promociones',true,'enabled',150),
('ropa','cotizaciones',true,'enabled',160),
('ropa','facturacion',true,'enabled',170),
('ropa','aplicacion',true,'enabled',180),
('restaurante','pos',true,'enabled',0),
('restaurante','dashboard',true,'enabled',10),
('restaurante','apertura',true,'enabled',20),
('restaurante','corte',true,'enabled',30),
('restaurante','ventas',true,'enabled',40),
('restaurante','reportes',true,'enabled',50),
('restaurante','clientes',true,'enabled',60),
('restaurante','usuarios',true,'enabled',70),
('restaurante','config',true,'enabled',80),
('restaurante','devoluciones',true,'enabled',90),
('restaurante','departamentos',true,'enabled',100),
('restaurante','promociones',true,'enabled',110),
('restaurante','aplicacion',true,'enabled',120),
('taqueria','pos',true,'enabled',0),
('taqueria','dashboard',true,'enabled',10),
('taqueria','apertura',true,'enabled',20),
('taqueria','corte',true,'enabled',30),
('taqueria','ventas',true,'enabled',40),
('taqueria','reportes',true,'enabled',50),
('taqueria','clientes',true,'enabled',60),
('taqueria','usuarios',true,'enabled',70),
('taqueria','config',true,'enabled',80),
('taqueria','devoluciones',true,'enabled',90),
('taqueria','departamentos',true,'enabled',100),
('taqueria','promociones',true,'enabled',110),
('papeleria','pos',true,'enabled',0),
('papeleria','dashboard',true,'enabled',10),
('papeleria','apertura',true,'enabled',20),
('papeleria','corte',true,'enabled',30),
('papeleria','ventas',true,'enabled',40),
('papeleria','reportes',true,'enabled',50),
('papeleria','clientes',true,'enabled',60),
('papeleria','usuarios',true,'enabled',70),
('papeleria','config',true,'enabled',80),
('papeleria','devoluciones',true,'enabled',90),
('papeleria','inventario',true,'enabled',100),
('papeleria','kardex',true,'enabled',110),
('papeleria','proveedores',true,'enabled',120),
('papeleria','departamentos',true,'enabled',130),
('papeleria','promociones',true,'enabled',140),
('papeleria','cotizaciones',true,'enabled',150),
('papeleria','recargas',true,'enabled',160),
('farmacia','pos',true,'enabled',0),
('farmacia','dashboard',true,'enabled',10),
('farmacia','apertura',true,'enabled',20),
('farmacia','corte',true,'enabled',30),
('farmacia','ventas',true,'enabled',40),
('farmacia','reportes',true,'enabled',50),
('farmacia','clientes',true,'enabled',60),
('farmacia','usuarios',true,'enabled',70),
('farmacia','config',true,'enabled',80),
('farmacia','devoluciones',true,'enabled',90),
('farmacia','inventario',true,'enabled',100),
('farmacia','kardex',true,'enabled',110),
('farmacia','credito',true,'enabled',120),
('farmacia','proveedores',true,'enabled',130),
('farmacia','facturacion',true,'enabled',140),
('farmacia','promociones',true,'enabled',150),
('farmacia','departamentos',true,'enabled',160),
('farmacia','sugeridas',true,'enabled',170),
('farmacia','actualizador',true,'enabled',180),
('farmacia','aplicacion',true,'enabled',190),
('estetica','pos',true,'enabled',0),
('estetica','dashboard',true,'enabled',10),
('estetica','apertura',true,'enabled',20),
('estetica','corte',true,'enabled',30),
('estetica','ventas',true,'enabled',40),
('estetica','reportes',true,'enabled',50),
('estetica','clientes',true,'enabled',60),
('estetica','usuarios',true,'enabled',70),
('estetica','config',true,'enabled',80),
('estetica','devoluciones',true,'enabled',90),
('estetica','servicios',true,'enabled',100),
('estetica','promociones',true,'enabled',110),
('estetica','inventario',true,'enabled',120),
('estetica','aplicacion',true,'enabled',130),
('barberia','pos',true,'enabled',0),
('barberia','dashboard',true,'enabled',10),
('barberia','apertura',true,'enabled',20),
('barberia','corte',true,'enabled',30),
('barberia','ventas',true,'enabled',40),
('barberia','reportes',true,'enabled',50),
('barberia','clientes',true,'enabled',60),
('barberia','usuarios',true,'enabled',70),
('barberia','config',true,'enabled',80),
('barberia','devoluciones',true,'enabled',90),
('barberia','servicios',true,'enabled',100),
('barberia','promociones',true,'enabled',110),
('barberia','aplicacion',true,'enabled',120),
('ferreteria','pos',true,'enabled',0),
('ferreteria','dashboard',true,'enabled',10),
('ferreteria','apertura',true,'enabled',20),
('ferreteria','corte',true,'enabled',30),
('ferreteria','ventas',true,'enabled',40),
('ferreteria','reportes',true,'enabled',50),
('ferreteria','clientes',true,'enabled',60),
('ferreteria','usuarios',true,'enabled',70),
('ferreteria','config',true,'enabled',80),
('ferreteria','devoluciones',true,'enabled',90),
('ferreteria','inventario',true,'enabled',100),
('ferreteria','kardex',true,'enabled',110),
('ferreteria','credito',true,'enabled',120),
('ferreteria','proveedores',true,'enabled',130),
('ferreteria','departamentos',true,'enabled',140),
('ferreteria','promociones',true,'enabled',150),
('ferreteria','cotizaciones',true,'enabled',160),
('ferreteria','sugeridas',true,'enabled',170),
('ferreteria','aplicacion',true,'enabled',180),
('carniceria','pos',true,'enabled',0),
('carniceria','dashboard',true,'enabled',10),
('carniceria','apertura',true,'enabled',20),
('carniceria','corte',true,'enabled',30),
('carniceria','ventas',true,'enabled',40),
('carniceria','reportes',true,'enabled',50),
('carniceria','clientes',true,'enabled',60),
('carniceria','usuarios',true,'enabled',70),
('carniceria','config',true,'enabled',80),
('carniceria','devoluciones',true,'enabled',90),
('carniceria','inventario',true,'enabled',100),
('carniceria','departamentos',true,'enabled',110),
('carniceria','promociones',true,'enabled',120),
('carniceria','proveedores',true,'enabled',130),
('carniceria','aplicacion',true,'enabled',140),
('tortilleria','pos',true,'enabled',0),
('tortilleria','dashboard',true,'enabled',10),
('tortilleria','apertura',true,'enabled',20),
('tortilleria','corte',true,'enabled',30),
('tortilleria','ventas',true,'enabled',40),
('tortilleria','reportes',true,'enabled',50),
('tortilleria','clientes',true,'enabled',60),
('tortilleria','usuarios',true,'enabled',70),
('tortilleria','config',true,'enabled',80),
('tortilleria','devoluciones',true,'enabled',90),
('tortilleria','inventario',true,'enabled',100),
('tortilleria','departamentos',true,'enabled',110),
('tortilleria','promociones',true,'enabled',120),
('celulares','pos',true,'enabled',0),
('celulares','dashboard',true,'enabled',10),
('celulares','apertura',true,'enabled',20),
('celulares','corte',true,'enabled',30),
('celulares','ventas',true,'enabled',40),
('celulares','reportes',true,'enabled',50),
('celulares','clientes',true,'enabled',60),
('celulares','usuarios',true,'enabled',70),
('celulares','config',true,'enabled',80),
('celulares','devoluciones',true,'enabled',90),
('celulares','inventario',true,'enabled',100),
('celulares','servicios',true,'enabled',110),
('celulares','promociones',true,'enabled',120),
('celulares','recargas',true,'enabled',130),
('celulares','aplicacion',true,'enabled',140),
('refaccionaria','pos',true,'enabled',0),
('refaccionaria','dashboard',true,'enabled',10),
('refaccionaria','apertura',true,'enabled',20),
('refaccionaria','corte',true,'enabled',30),
('refaccionaria','ventas',true,'enabled',40),
('refaccionaria','reportes',true,'enabled',50),
('refaccionaria','clientes',true,'enabled',60),
('refaccionaria','usuarios',true,'enabled',70),
('refaccionaria','config',true,'enabled',80),
('refaccionaria','devoluciones',true,'enabled',90),
('refaccionaria','inventario',true,'enabled',100),
('refaccionaria','kardex',true,'enabled',110),
('refaccionaria','credito',true,'enabled',120),
('refaccionaria','proveedores',true,'enabled',130),
('refaccionaria','cotizaciones',true,'enabled',140),
('refaccionaria','sugeridas',true,'enabled',150),
('refaccionaria','facturacion',true,'enabled',160),
('refaccionaria','aplicacion',true,'enabled',170),
('minisuper','pos',true,'enabled',0),
('minisuper','dashboard',true,'enabled',10),
('minisuper','apertura',true,'enabled',20),
('minisuper','corte',true,'enabled',30),
('minisuper','ventas',true,'enabled',40),
('minisuper','reportes',true,'enabled',50),
('minisuper','clientes',true,'enabled',60),
('minisuper','usuarios',true,'enabled',70),
('minisuper','config',true,'enabled',80),
('minisuper','devoluciones',true,'enabled',90),
('minisuper','inventario',true,'enabled',100),
('minisuper','kardex',true,'enabled',110),
('minisuper','credito',true,'enabled',120),
('minisuper','proveedores',true,'enabled',130),
('minisuper','recargas',true,'enabled',140),
('minisuper','servicios',true,'enabled',150),
('minisuper','promociones',true,'enabled',160),
('minisuper','departamentos',true,'enabled',170),
('minisuper','actualizador',true,'enabled',180),
('cafeteria','pos',true,'enabled',0),
('cafeteria','dashboard',true,'enabled',10),
('cafeteria','apertura',true,'enabled',20),
('cafeteria','corte',true,'enabled',30),
('cafeteria','ventas',true,'enabled',40),
('cafeteria','reportes',true,'enabled',50),
('cafeteria','clientes',true,'enabled',60),
('cafeteria','usuarios',true,'enabled',70),
('cafeteria','config',true,'enabled',80),
('cafeteria','devoluciones',true,'enabled',90),
('cafeteria','inventario',true,'enabled',100),
('cafeteria','departamentos',true,'enabled',110),
('cafeteria','promociones',true,'enabled',120),
('cafeteria','aplicacion',true,'enabled',130),
('dulceria','pos',true,'enabled',0),
('dulceria','dashboard',true,'enabled',10),
('dulceria','apertura',true,'enabled',20),
('dulceria','corte',true,'enabled',30),
('dulceria','ventas',true,'enabled',40),
('dulceria','reportes',true,'enabled',50),
('dulceria','clientes',true,'enabled',60),
('dulceria','usuarios',true,'enabled',70),
('dulceria','config',true,'enabled',80),
('dulceria','devoluciones',true,'enabled',90),
('dulceria','inventario',true,'enabled',100),
('dulceria','proveedores',true,'enabled',110),
('dulceria','departamentos',true,'enabled',120),
('dulceria','promociones',true,'enabled',130),
('fruteria','pos',true,'enabled',0),
('fruteria','dashboard',true,'enabled',10),
('fruteria','apertura',true,'enabled',20),
('fruteria','corte',true,'enabled',30),
('fruteria','ventas',true,'enabled',40),
('fruteria','reportes',true,'enabled',50),
('fruteria','clientes',true,'enabled',60),
('fruteria','usuarios',true,'enabled',70),
('fruteria','config',true,'enabled',80),
('fruteria','devoluciones',true,'enabled',90),
('fruteria','inventario',true,'enabled',100),
('fruteria','departamentos',true,'enabled',110),
('fruteria','promociones',true,'enabled',120),
('deposito','pos',true,'enabled',0),
('deposito','dashboard',true,'enabled',10),
('deposito','apertura',true,'enabled',20),
('deposito','corte',true,'enabled',30),
('deposito','ventas',true,'enabled',40),
('deposito','reportes',true,'enabled',50),
('deposito','clientes',true,'enabled',60),
('deposito','usuarios',true,'enabled',70),
('deposito','config',true,'enabled',80),
('deposito','devoluciones',true,'enabled',90),
('deposito','inventario',true,'enabled',100),
('deposito','proveedores',true,'enabled',110),
('taller-mecanico','pos',true,'enabled',0),
('taller-mecanico','dashboard',true,'enabled',10),
('taller-mecanico','apertura',true,'enabled',20),
('taller-mecanico','corte',true,'enabled',30),
('taller-mecanico','ventas',true,'enabled',40),
('taller-mecanico','reportes',true,'enabled',50),
('taller-mecanico','clientes',true,'enabled',60),
('taller-mecanico','usuarios',true,'enabled',70),
('taller-mecanico','config',true,'enabled',80),
('taller-mecanico','devoluciones',true,'enabled',90),
('taller-mecanico','servicios',true,'enabled',100),
('taller-mecanico','cotizaciones',true,'enabled',110),
('taller-mecanico','credito',true,'enabled',120),
('taller-mecanico','facturacion',true,'enabled',130),
('taller-mecanico','aplicacion',true,'enabled',140),
('ciber_cafe','pos',true,'enabled',0),
('ciber_cafe','dashboard',true,'enabled',10),
('ciber_cafe','apertura',true,'enabled',20),
('ciber_cafe','corte',true,'enabled',30),
('ciber_cafe','ventas',true,'enabled',40),
('ciber_cafe','reportes',true,'enabled',50),
('ciber_cafe','clientes',true,'enabled',60),
('ciber_cafe','usuarios',true,'enabled',70),
('ciber_cafe','config',true,'enabled',80),
('ciber_cafe','servicios',true,'enabled',90),
('ciber_cafe','recargas',true,'enabled',100),
('veterinaria','pos',true,'enabled',0),
('veterinaria','dashboard',true,'enabled',10),
('veterinaria','apertura',true,'enabled',20),
('veterinaria','corte',true,'enabled',30),
('veterinaria','ventas',true,'enabled',40),
('veterinaria','reportes',true,'enabled',50),
('veterinaria','clientes',true,'enabled',60),
('veterinaria','usuarios',true,'enabled',70),
('veterinaria','config',true,'enabled',80),
('veterinaria','devoluciones',true,'enabled',90),
('veterinaria','inventario',true,'enabled',100),
('veterinaria','credito',true,'enabled',110),
('veterinaria','facturacion',true,'enabled',120),
('veterinaria','promociones',true,'enabled',130),
('veterinaria','servicios',true,'enabled',140),
('veterinaria','aplicacion',true,'enabled',150),
('heladeria','pos',true,'enabled',0),
('heladeria','dashboard',true,'enabled',10),
('heladeria','apertura',true,'enabled',20),
('heladeria','corte',true,'enabled',30),
('heladeria','ventas',true,'enabled',40),
('heladeria','reportes',true,'enabled',50),
('heladeria','clientes',true,'enabled',60),
('heladeria','usuarios',true,'enabled',70),
('heladeria','config',true,'enabled',80),
('heladeria','devoluciones',true,'enabled',90),
('heladeria','inventario',true,'enabled',100),
('heladeria','departamentos',true,'enabled',110),
('heladeria','promociones',true,'enabled',120),
('comida_corrida','pos',true,'enabled',0),
('comida_corrida','dashboard',true,'enabled',10),
('comida_corrida','apertura',true,'enabled',20),
('comida_corrida','corte',true,'enabled',30),
('comida_corrida','ventas',true,'enabled',40),
('comida_corrida','reportes',true,'enabled',50),
('comida_corrida','clientes',true,'enabled',60),
('comida_corrida','usuarios',true,'enabled',70),
('comida_corrida','config',true,'enabled',80),
('comida_corrida','devoluciones',true,'enabled',90),
('comida_corrida','departamentos',true,'enabled',100),
('comida_corrida','aplicacion',true,'enabled',110),
('pizzeria','pos',true,'enabled',0),
('pizzeria','dashboard',true,'enabled',10),
('pizzeria','apertura',true,'enabled',20),
('pizzeria','corte',true,'enabled',30),
('pizzeria','ventas',true,'enabled',40),
('pizzeria','reportes',true,'enabled',50),
('pizzeria','clientes',true,'enabled',60),
('pizzeria','usuarios',true,'enabled',70),
('pizzeria','config',true,'enabled',80),
('pizzeria','devoluciones',true,'enabled',90),
('pizzeria','departamentos',true,'enabled',100),
('pizzeria','promociones',true,'enabled',110),
('pizzeria','aplicacion',true,'enabled',120),
('lavanderia','pos',true,'enabled',0),
('lavanderia','dashboard',true,'enabled',10),
('lavanderia','apertura',true,'enabled',20),
('lavanderia','corte',true,'enabled',30),
('lavanderia','ventas',true,'enabled',40),
('lavanderia','reportes',true,'enabled',50),
('lavanderia','clientes',true,'enabled',60),
('lavanderia','usuarios',true,'enabled',70),
('lavanderia','config',true,'enabled',80),
('lavanderia','devoluciones',true,'enabled',90),
('lavanderia','servicios',true,'enabled',100),
('lavanderia','promociones',true,'enabled',110),
('lavanderia','aplicacion',true,'enabled',120),
('purificadora','pos',true,'enabled',0),
('purificadora','dashboard',true,'enabled',10),
('purificadora','apertura',true,'enabled',20),
('purificadora','corte',true,'enabled',30),
('purificadora','ventas',true,'enabled',40),
('purificadora','reportes',true,'enabled',50),
('purificadora','clientes',true,'enabled',60),
('purificadora','usuarios',true,'enabled',70),
('purificadora','config',true,'enabled',80),
('purificadora','devoluciones',true,'enabled',90),
('purificadora','inventario',true,'enabled',100),
('purificadora','credito',true,'enabled',110),
('purificadora','aplicacion',true,'enabled',120),
('tlapaleria','pos',true,'enabled',0),
('tlapaleria','dashboard',true,'enabled',10),
('tlapaleria','apertura',true,'enabled',20),
('tlapaleria','corte',true,'enabled',30),
('tlapaleria','ventas',true,'enabled',40),
('tlapaleria','reportes',true,'enabled',50),
('tlapaleria','clientes',true,'enabled',60),
('tlapaleria','usuarios',true,'enabled',70),
('tlapaleria','config',true,'enabled',80),
('tlapaleria','devoluciones',true,'enabled',90),
('tlapaleria','inventario',true,'enabled',100),
('tlapaleria','proveedores',true,'enabled',110),
('tlapaleria','cotizaciones',true,'enabled',120),
('joyeria','pos',true,'enabled',0),
('joyeria','dashboard',true,'enabled',10),
('joyeria','apertura',true,'enabled',20),
('joyeria','corte',true,'enabled',30),
('joyeria','ventas',true,'enabled',40),
('joyeria','reportes',true,'enabled',50),
('joyeria','clientes',true,'enabled',60),
('joyeria','usuarios',true,'enabled',70),
('joyeria','config',true,'enabled',80),
('joyeria','devoluciones',true,'enabled',90),
('joyeria','inventario',true,'enabled',100),
('joyeria','credito',true,'enabled',110),
('joyeria','facturacion',true,'enabled',120),
('joyeria','promociones',true,'enabled',130),
('joyeria','aplicacion',true,'enabled',140),
('zapateria','pos',true,'enabled',0),
('zapateria','dashboard',true,'enabled',10),
('zapateria','apertura',true,'enabled',20),
('zapateria','corte',true,'enabled',30),
('zapateria','ventas',true,'enabled',40),
('zapateria','reportes',true,'enabled',50),
('zapateria','clientes',true,'enabled',60),
('zapateria','usuarios',true,'enabled',70),
('zapateria','config',true,'enabled',80),
('zapateria','devoluciones',true,'enabled',90),
('zapateria','inventario',true,'enabled',100),
('zapateria','kardex',true,'enabled',110),
('zapateria','credito',true,'enabled',120),
('zapateria','proveedores',true,'enabled',130),
('zapateria','departamentos',true,'enabled',140),
('zapateria','promociones',true,'enabled',150),
('zapateria','aplicacion',true,'enabled',160),
('boutique','pos',true,'enabled',0),
('boutique','dashboard',true,'enabled',10),
('boutique','apertura',true,'enabled',20),
('boutique','corte',true,'enabled',30),
('boutique','ventas',true,'enabled',40),
('boutique','reportes',true,'enabled',50),
('boutique','clientes',true,'enabled',60),
('boutique','usuarios',true,'enabled',70),
('boutique','config',true,'enabled',80),
('boutique','devoluciones',true,'enabled',90),
('boutique','inventario',true,'enabled',100),
('boutique','departamentos',true,'enabled',110),
('boutique','promociones',true,'enabled',120),
('boutique','aplicacion',true,'enabled',130),
('cosmeticos','pos',true,'enabled',0),
('cosmeticos','dashboard',true,'enabled',10),
('cosmeticos','apertura',true,'enabled',20),
('cosmeticos','corte',true,'enabled',30),
('cosmeticos','ventas',true,'enabled',40),
('cosmeticos','reportes',true,'enabled',50),
('cosmeticos','clientes',true,'enabled',60),
('cosmeticos','usuarios',true,'enabled',70),
('cosmeticos','config',true,'enabled',80),
('cosmeticos','devoluciones',true,'enabled',90),
('cosmeticos','inventario',true,'enabled',100),
('cosmeticos','promociones',true,'enabled',110),
('cosmeticos','departamentos',true,'enabled',120),
('cosmeticos','aplicacion',true,'enabled',130),
('imprenta','pos',true,'enabled',0),
('imprenta','dashboard',true,'enabled',10),
('imprenta','apertura',true,'enabled',20),
('imprenta','corte',true,'enabled',30),
('imprenta','ventas',true,'enabled',40),
('imprenta','reportes',true,'enabled',50),
('imprenta','clientes',true,'enabled',60),
('imprenta','usuarios',true,'enabled',70),
('imprenta','config',true,'enabled',80),
('imprenta','cotizaciones',true,'enabled',90),
('imprenta','servicios',true,'enabled',100),
('imprenta','facturacion',true,'enabled',110),
('imprenta','credito',true,'enabled',120),
('imprenta','aplicacion',true,'enabled',130),
('carpinteria','pos',true,'enabled',0),
('carpinteria','dashboard',true,'enabled',10),
('carpinteria','apertura',true,'enabled',20),
('carpinteria','corte',true,'enabled',30),
('carpinteria','ventas',true,'enabled',40),
('carpinteria','reportes',true,'enabled',50),
('carpinteria','clientes',true,'enabled',60),
('carpinteria','usuarios',true,'enabled',70),
('carpinteria','config',true,'enabled',80),
('carpinteria','cotizaciones',true,'enabled',90),
('carpinteria','servicios',true,'enabled',100),
('carpinteria','credito',true,'enabled',110),
('carpinteria','facturacion',true,'enabled',120),
('carpinteria','aplicacion',true,'enabled',130),
('herreria','pos',true,'enabled',0),
('herreria','dashboard',true,'enabled',10),
('herreria','apertura',true,'enabled',20),
('herreria','corte',true,'enabled',30),
('herreria','ventas',true,'enabled',40),
('herreria','reportes',true,'enabled',50),
('herreria','clientes',true,'enabled',60),
('herreria','usuarios',true,'enabled',70),
('herreria','config',true,'enabled',80),
('herreria','cotizaciones',true,'enabled',90),
('herreria','servicios',true,'enabled',100),
('herreria','facturacion',true,'enabled',110),
('herreria','credito',true,'enabled',120),
('herreria','aplicacion',true,'enabled',130),
('regalos','pos',true,'enabled',0),
('regalos','dashboard',true,'enabled',10),
('regalos','apertura',true,'enabled',20),
('regalos','corte',true,'enabled',30),
('regalos','ventas',true,'enabled',40),
('regalos','reportes',true,'enabled',50),
('regalos','clientes',true,'enabled',60),
('regalos','usuarios',true,'enabled',70),
('regalos','config',true,'enabled',80),
('regalos','devoluciones',true,'enabled',90),
('regalos','inventario',true,'enabled',100),
('regalos','promociones',true,'enabled',110),
('electronica','pos',true,'enabled',0),
('electronica','dashboard',true,'enabled',10),
('electronica','apertura',true,'enabled',20),
('electronica','corte',true,'enabled',30),
('electronica','ventas',true,'enabled',40),
('electronica','reportes',true,'enabled',50),
('electronica','clientes',true,'enabled',60),
('electronica','usuarios',true,'enabled',70),
('electronica','config',true,'enabled',80),
('electronica','devoluciones',true,'enabled',90),
('electronica','inventario',true,'enabled',100),
('electronica','servicios',true,'enabled',110),
('electronica','facturacion',true,'enabled',120),
('electronica','credito',true,'enabled',130),
('electronica','cotizaciones',true,'enabled',140),
('electronica','aplicacion',true,'enabled',150),
('cerrajeria','pos',true,'enabled',0),
('cerrajeria','dashboard',true,'enabled',10),
('cerrajeria','apertura',true,'enabled',20),
('cerrajeria','corte',true,'enabled',30),
('cerrajeria','ventas',true,'enabled',40),
('cerrajeria','reportes',true,'enabled',50),
('cerrajeria','clientes',true,'enabled',60),
('cerrajeria','usuarios',true,'enabled',70),
('cerrajeria','config',true,'enabled',80),
('cerrajeria','servicios',true,'enabled',90),
('gimnasio','pos',true,'enabled',0),
('gimnasio','dashboard',true,'enabled',10),
('gimnasio','apertura',true,'enabled',20),
('gimnasio','corte',true,'enabled',30),
('gimnasio','ventas',true,'enabled',40),
('gimnasio','reportes',true,'enabled',50),
('gimnasio','clientes',true,'enabled',60),
('gimnasio','usuarios',true,'enabled',70),
('gimnasio','config',true,'enabled',80),
('gimnasio','devoluciones',true,'enabled',90),
('gimnasio','servicios',true,'enabled',100),
('gimnasio','promociones',true,'enabled',110),
('gimnasio','credito',true,'enabled',120),
('gimnasio','aplicacion',true,'enabled',130),
('hamburguesas','pos',true,'enabled',0),
('hamburguesas','dashboard',true,'enabled',10),
('hamburguesas','apertura',true,'enabled',20),
('hamburguesas','corte',true,'enabled',30),
('hamburguesas','ventas',true,'enabled',40),
('hamburguesas','reportes',true,'enabled',50),
('hamburguesas','clientes',true,'enabled',60),
('hamburguesas','usuarios',true,'enabled',70),
('hamburguesas','config',true,'enabled',80),
('hamburguesas','devoluciones',true,'enabled',90),
('hamburguesas','departamentos',true,'enabled',100),
('hamburguesas','promociones',true,'enabled',110),
('hamburguesas','aplicacion',true,'enabled',120),
('polleria','pos',true,'enabled',0),
('polleria','dashboard',true,'enabled',10),
('polleria','apertura',true,'enabled',20),
('polleria','corte',true,'enabled',30),
('polleria','ventas',true,'enabled',40),
('polleria','reportes',true,'enabled',50),
('polleria','clientes',true,'enabled',60),
('polleria','usuarios',true,'enabled',70),
('polleria','config',true,'enabled',80),
('polleria','devoluciones',true,'enabled',90),
('polleria','inventario',true,'enabled',100),
('polleria','departamentos',true,'enabled',110),
('polleria','promociones',true,'enabled',120),
('polleria','proveedores',true,'enabled',130),
('polleria','aplicacion',true,'enabled',140),
('marisqueria','pos',true,'enabled',0),
('marisqueria','dashboard',true,'enabled',10),
('marisqueria','apertura',true,'enabled',20),
('marisqueria','corte',true,'enabled',30),
('marisqueria','ventas',true,'enabled',40),
('marisqueria','reportes',true,'enabled',50),
('marisqueria','clientes',true,'enabled',60),
('marisqueria','usuarios',true,'enabled',70),
('marisqueria','config',true,'enabled',80),
('marisqueria','devoluciones',true,'enabled',90),
('marisqueria','departamentos',true,'enabled',100),
('marisqueria','aplicacion',true,'enabled',110),
('hotel','pos',true,'enabled',0),
('hotel','dashboard',true,'enabled',10),
('hotel','apertura',true,'enabled',20),
('hotel','corte',true,'enabled',30),
('hotel','ventas',true,'enabled',40),
('hotel','reportes',true,'enabled',50),
('hotel','clientes',true,'enabled',60),
('hotel','usuarios',true,'enabled',70),
('hotel','config',true,'enabled',80),
('hotel','servicios',true,'enabled',90),
('hotel','credito',true,'enabled',100),
('hotel','facturacion',true,'enabled',110),
('hotel','aplicacion',true,'enabled',120),
('motel','pos',true,'enabled',0),
('motel','dashboard',true,'enabled',10),
('motel','apertura',true,'enabled',20),
('motel','corte',true,'enabled',30),
('motel','ventas',true,'enabled',40),
('motel','reportes',true,'enabled',50),
('motel','clientes',true,'enabled',60),
('motel','usuarios',true,'enabled',70),
('motel','config',true,'enabled',80),
('naturista','pos',true,'enabled',0),
('naturista','dashboard',true,'enabled',10),
('naturista','apertura',true,'enabled',20),
('naturista','corte',true,'enabled',30),
('naturista','ventas',true,'enabled',40),
('naturista','reportes',true,'enabled',50),
('naturista','clientes',true,'enabled',60),
('naturista','usuarios',true,'enabled',70),
('naturista','config',true,'enabled',80),
('naturista','devoluciones',true,'enabled',90),
('naturista','inventario',true,'enabled',100),
('naturista','proveedores',true,'enabled',110),
('naturista','promociones',true,'enabled',120),
('naturista','aplicacion',true,'enabled',130),
('reparacion_celulares','pos',true,'enabled',0),
('reparacion_celulares','dashboard',true,'enabled',10),
('reparacion_celulares','apertura',true,'enabled',20),
('reparacion_celulares','corte',true,'enabled',30),
('reparacion_celulares','ventas',true,'enabled',40),
('reparacion_celulares','reportes',true,'enabled',50),
('reparacion_celulares','clientes',true,'enabled',60),
('reparacion_celulares','usuarios',true,'enabled',70),
('reparacion_celulares','config',true,'enabled',80),
('reparacion_celulares','servicios',true,'enabled',90),
('reparacion_celulares','cotizaciones',true,'enabled',100),
('reparacion_celulares','inventario',true,'enabled',110),
('reparacion_celulares','aplicacion',true,'enabled',120),
('agencia_de_viajes','pos',true,'enabled',0),
('agencia_de_viajes','dashboard',true,'enabled',10),
('agencia_de_viajes','apertura',true,'enabled',20),
('agencia_de_viajes','corte',true,'enabled',30),
('agencia_de_viajes','ventas',true,'enabled',40),
('agencia_de_viajes','reportes',true,'enabled',50),
('agencia_de_viajes','clientes',true,'enabled',60),
('agencia_de_viajes','usuarios',true,'enabled',70),
('agencia_de_viajes','config',true,'enabled',80),
('agencia_de_viajes','cotizaciones',true,'enabled',90),
('agencia_de_viajes','credito',true,'enabled',100),
('agencia_de_viajes','facturacion',true,'enabled',110),
('agencia_de_viajes','servicios',true,'enabled',120),
('agencia_de_viajes','aplicacion',true,'enabled',130),
('tienda_mascotas','pos',true,'enabled',0),
('tienda_mascotas','dashboard',true,'enabled',10),
('tienda_mascotas','apertura',true,'enabled',20),
('tienda_mascotas','corte',true,'enabled',30),
('tienda_mascotas','ventas',true,'enabled',40),
('tienda_mascotas','reportes',true,'enabled',50),
('tienda_mascotas','clientes',true,'enabled',60),
('tienda_mascotas','usuarios',true,'enabled',70),
('tienda_mascotas','config',true,'enabled',80),
('tienda_mascotas','devoluciones',true,'enabled',90),
('tienda_mascotas','inventario',true,'enabled',100),
('tienda_mascotas','proveedores',true,'enabled',110),
('tienda_mascotas','promociones',true,'enabled',120),
('tienda_mascotas','aplicacion',true,'enabled',130),
('muebleria','pos',true,'enabled',0),
('muebleria','dashboard',true,'enabled',10),
('muebleria','apertura',true,'enabled',20),
('muebleria','corte',true,'enabled',30),
('muebleria','ventas',true,'enabled',40),
('muebleria','reportes',true,'enabled',50),
('muebleria','clientes',true,'enabled',60),
('muebleria','usuarios',true,'enabled',70),
('muebleria','config',true,'enabled',80),
('muebleria','devoluciones',true,'enabled',90),
('muebleria','inventario',true,'enabled',100),
('muebleria','kardex',true,'enabled',110),
('muebleria','credito',true,'enabled',120),
('muebleria','proveedores',true,'enabled',130),
('muebleria','cotizaciones',true,'enabled',140),
('muebleria','facturacion',true,'enabled',150),
('muebleria','promociones',true,'enabled',160),
('muebleria','aplicacion',true,'enabled',170),
('vidrieria','pos',true,'enabled',0),
('vidrieria','dashboard',true,'enabled',10),
('vidrieria','apertura',true,'enabled',20),
('vidrieria','corte',true,'enabled',30),
('vidrieria','ventas',true,'enabled',40),
('vidrieria','reportes',true,'enabled',50),
('vidrieria','clientes',true,'enabled',60),
('vidrieria','usuarios',true,'enabled',70),
('vidrieria','config',true,'enabled',80),
('vidrieria','cotizaciones',true,'enabled',90),
('vidrieria','servicios',true,'enabled',100),
('vidrieria','credito',true,'enabled',110),
('vidrieria','aplicacion',true,'enabled',120),
('llantera','pos',true,'enabled',0),
('llantera','dashboard',true,'enabled',10),
('llantera','apertura',true,'enabled',20),
('llantera','corte',true,'enabled',30),
('llantera','ventas',true,'enabled',40),
('llantera','reportes',true,'enabled',50),
('llantera','clientes',true,'enabled',60),
('llantera','usuarios',true,'enabled',70),
('llantera','config',true,'enabled',80),
('llantera','devoluciones',true,'enabled',90),
('llantera','inventario',true,'enabled',100),
('llantera','servicios',true,'enabled',110),
('llantera','credito',true,'enabled',120),
('vulcanizadora','pos',true,'enabled',0),
('vulcanizadora','dashboard',true,'enabled',10),
('vulcanizadora','apertura',true,'enabled',20),
('vulcanizadora','corte',true,'enabled',30),
('vulcanizadora','ventas',true,'enabled',40),
('vulcanizadora','reportes',true,'enabled',50),
('vulcanizadora','clientes',true,'enabled',60),
('vulcanizadora','usuarios',true,'enabled',70),
('vulcanizadora','config',true,'enabled',80),
('vulcanizadora','servicios',true,'enabled',90),
('neveria','pos',true,'enabled',0),
('neveria','dashboard',true,'enabled',10),
('neveria','apertura',true,'enabled',20),
('neveria','corte',true,'enabled',30),
('neveria','ventas',true,'enabled',40),
('neveria','reportes',true,'enabled',50),
('neveria','clientes',true,'enabled',60),
('neveria','usuarios',true,'enabled',70),
('neveria','config',true,'enabled',80),
('neveria','devoluciones',true,'enabled',90),
('sushi','pos',true,'enabled',0),
('sushi','dashboard',true,'enabled',10),
('sushi','apertura',true,'enabled',20),
('sushi','corte',true,'enabled',30),
('sushi','ventas',true,'enabled',40),
('sushi','reportes',true,'enabled',50),
('sushi','clientes',true,'enabled',60),
('sushi','usuarios',true,'enabled',70),
('sushi','config',true,'enabled',80),
('sushi','devoluciones',true,'enabled',90),
('sushi','departamentos',true,'enabled',100),
('sushi','promociones',true,'enabled',110),
('sushi','aplicacion',true,'enabled',120),
('pollos_asados','pos',true,'enabled',0),
('pollos_asados','dashboard',true,'enabled',10),
('pollos_asados','apertura',true,'enabled',20),
('pollos_asados','corte',true,'enabled',30),
('pollos_asados','ventas',true,'enabled',40),
('pollos_asados','reportes',true,'enabled',50),
('pollos_asados','clientes',true,'enabled',60),
('pollos_asados','usuarios',true,'enabled',70),
('pollos_asados','config',true,'enabled',80),
('pollos_asados','devoluciones',true,'enabled',90),
('pollos_asados','departamentos',true,'enabled',100),
('escuela','pos',true,'enabled',0),
('escuela','dashboard',true,'enabled',10),
('escuela','apertura',true,'enabled',20),
('escuela','corte',true,'enabled',30),
('escuela','ventas',true,'enabled',40),
('escuela','reportes',true,'enabled',50),
('escuela','clientes',true,'enabled',60),
('escuela','usuarios',true,'enabled',70),
('escuela','config',true,'enabled',80),
('escuela','servicios',true,'enabled',90),
('escuela','credito',true,'enabled',100),
('escuela','facturacion',true,'enabled',110),
('escuela','aplicacion',true,'enabled',120),
('guarderia','pos',true,'enabled',0),
('guarderia','dashboard',true,'enabled',10),
('guarderia','apertura',true,'enabled',20),
('guarderia','corte',true,'enabled',30),
('guarderia','ventas',true,'enabled',40),
('guarderia','reportes',true,'enabled',50),
('guarderia','clientes',true,'enabled',60),
('guarderia','usuarios',true,'enabled',70),
('guarderia','config',true,'enabled',80),
('guarderia','servicios',true,'enabled',90),
('guarderia','credito',true,'enabled',100),
('guarderia','aplicacion',true,'enabled',110),
('dentista','pos',true,'enabled',0),
('dentista','dashboard',true,'enabled',10),
('dentista','apertura',true,'enabled',20),
('dentista','corte',true,'enabled',30),
('dentista','ventas',true,'enabled',40),
('dentista','reportes',true,'enabled',50),
('dentista','clientes',true,'enabled',60),
('dentista','usuarios',true,'enabled',70),
('dentista','config',true,'enabled',80),
('dentista','servicios',true,'enabled',90),
('dentista','credito',true,'enabled',100),
('dentista','facturacion',true,'enabled',110),
('dentista','inventario',true,'enabled',120),
('dentista','aplicacion',true,'enabled',130),
('medico','pos',true,'enabled',0),
('medico','dashboard',true,'enabled',10),
('medico','apertura',true,'enabled',20),
('medico','corte',true,'enabled',30),
('medico','ventas',true,'enabled',40),
('medico','reportes',true,'enabled',50),
('medico','clientes',true,'enabled',60),
('medico','usuarios',true,'enabled',70),
('medico','config',true,'enabled',80),
('medico','servicios',true,'enabled',90),
('medico','credito',true,'enabled',100),
('medico','facturacion',true,'enabled',110),
('medico','aplicacion',true,'enabled',120),
('optica','pos',true,'enabled',0),
('optica','dashboard',true,'enabled',10),
('optica','apertura',true,'enabled',20),
('optica','corte',true,'enabled',30),
('optica','ventas',true,'enabled',40),
('optica','reportes',true,'enabled',50),
('optica','clientes',true,'enabled',60),
('optica','usuarios',true,'enabled',70),
('optica','config',true,'enabled',80),
('optica','devoluciones',true,'enabled',90),
('optica','inventario',true,'enabled',100),
('optica','credito',true,'enabled',110),
('optica','facturacion',true,'enabled',120),
('optica','servicios',true,'enabled',130),
('optica','aplicacion',true,'enabled',140),
('computacion','pos',true,'enabled',0),
('computacion','dashboard',true,'enabled',10),
('computacion','apertura',true,'enabled',20),
('computacion','corte',true,'enabled',30),
('computacion','ventas',true,'enabled',40),
('computacion','reportes',true,'enabled',50),
('computacion','clientes',true,'enabled',60),
('computacion','usuarios',true,'enabled',70),
('computacion','config',true,'enabled',80),
('computacion','devoluciones',true,'enabled',90),
('computacion','inventario',true,'enabled',100),
('computacion','servicios',true,'enabled',110),
('computacion','facturacion',true,'enabled',120),
('computacion','aplicacion',true,'enabled',130),
('fotografia','pos',true,'enabled',0),
('fotografia','dashboard',true,'enabled',10),
('fotografia','apertura',true,'enabled',20),
('fotografia','corte',true,'enabled',30),
('fotografia','ventas',true,'enabled',40),
('fotografia','reportes',true,'enabled',50),
('fotografia','clientes',true,'enabled',60),
('fotografia','usuarios',true,'enabled',70),
('fotografia','config',true,'enabled',80),
('fotografia','cotizaciones',true,'enabled',90),
('fotografia','servicios',true,'enabled',100),
('fotografia','credito',true,'enabled',110),
('fotografia','facturacion',true,'enabled',120),
('fotografia','aplicacion',true,'enabled',130),
('floreria','pos',true,'enabled',0),
('floreria','dashboard',true,'enabled',10),
('floreria','apertura',true,'enabled',20),
('floreria','corte',true,'enabled',30),
('floreria','ventas',true,'enabled',40),
('floreria','reportes',true,'enabled',50),
('floreria','clientes',true,'enabled',60),
('floreria','usuarios',true,'enabled',70),
('floreria','config',true,'enabled',80),
('floreria','devoluciones',true,'enabled',90),
('floreria','inventario',true,'enabled',100),
('floreria','cotizaciones',true,'enabled',110),
('floreria','servicios',true,'enabled',120),
('floreria','promociones',true,'enabled',130),
('floreria','aplicacion',true,'enabled',140),
('paleteria','pos',true,'enabled',0),
('paleteria','dashboard',true,'enabled',10),
('paleteria','apertura',true,'enabled',20),
('paleteria','corte',true,'enabled',30),
('paleteria','ventas',true,'enabled',40),
('paleteria','reportes',true,'enabled',50),
('paleteria','clientes',true,'enabled',60),
('paleteria','usuarios',true,'enabled',70),
('paleteria','config',true,'enabled',80),
('pasteleria','pos',true,'enabled',0),
('pasteleria','dashboard',true,'enabled',10),
('pasteleria','apertura',true,'enabled',20),
('pasteleria','corte',true,'enabled',30),
('pasteleria','ventas',true,'enabled',40),
('pasteleria','reportes',true,'enabled',50),
('pasteleria','clientes',true,'enabled',60),
('pasteleria','usuarios',true,'enabled',70),
('pasteleria','config',true,'enabled',80),
('pasteleria','devoluciones',true,'enabled',90),
('pasteleria','inventario',true,'enabled',100),
('pasteleria','departamentos',true,'enabled',110),
('pasteleria','promociones',true,'enabled',120),
('pasteleria','aplicacion',true,'enabled',130),
('cremeria','pos',true,'enabled',0),
('cremeria','dashboard',true,'enabled',10),
('cremeria','apertura',true,'enabled',20),
('cremeria','corte',true,'enabled',30),
('cremeria','ventas',true,'enabled',40),
('cremeria','reportes',true,'enabled',50),
('cremeria','clientes',true,'enabled',60),
('cremeria','usuarios',true,'enabled',70),
('cremeria','config',true,'enabled',80),
('cremeria','devoluciones',true,'enabled',90),
('cremeria','inventario',true,'enabled',100),
('cremeria','proveedores',true,'enabled',110),
('construccion','pos',true,'enabled',0),
('construccion','dashboard',true,'enabled',10),
('construccion','apertura',true,'enabled',20),
('construccion','corte',true,'enabled',30),
('construccion','ventas',true,'enabled',40),
('construccion','reportes',true,'enabled',50),
('construccion','clientes',true,'enabled',60),
('construccion','usuarios',true,'enabled',70),
('construccion','config',true,'enabled',80),
('construccion','inventario',true,'enabled',90),
('construccion','proveedores',true,'enabled',100),
('construccion','cotizaciones',true,'enabled',110),
('construccion','credito',true,'enabled',120),
('construccion','facturacion',true,'enabled',130),
('construccion','aplicacion',true,'enabled',140),
('aluminio','pos',true,'enabled',0),
('aluminio','dashboard',true,'enabled',10),
('aluminio','apertura',true,'enabled',20),
('aluminio','corte',true,'enabled',30),
('aluminio','ventas',true,'enabled',40),
('aluminio','reportes',true,'enabled',50),
('aluminio','clientes',true,'enabled',60),
('aluminio','usuarios',true,'enabled',70),
('aluminio','config',true,'enabled',80),
('aluminio','cotizaciones',true,'enabled',90),
('aluminio','servicios',true,'enabled',100),
('aluminio','facturacion',true,'enabled',110),
('aluminio','aplicacion',true,'enabled',120),
('carwash','pos',true,'enabled',0),
('carwash','dashboard',true,'enabled',10),
('carwash','apertura',true,'enabled',20),
('carwash','corte',true,'enabled',30),
('carwash','ventas',true,'enabled',40),
('carwash','reportes',true,'enabled',50),
('carwash','clientes',true,'enabled',60),
('carwash','usuarios',true,'enabled',70),
('carwash','config',true,'enabled',80),
('carwash','servicios',true,'enabled',90),
('carwash','promociones',true,'enabled',100),
('carwash','aplicacion',true,'enabled',110),
('agencia_autos','pos',true,'enabled',0),
('agencia_autos','dashboard',true,'enabled',10),
('agencia_autos','apertura',true,'enabled',20),
('agencia_autos','corte',true,'enabled',30),
('agencia_autos','ventas',true,'enabled',40),
('agencia_autos','reportes',true,'enabled',50),
('agencia_autos','clientes',true,'enabled',60),
('agencia_autos','usuarios',true,'enabled',70),
('agencia_autos','config',true,'enabled',80),
('agencia_autos','cotizaciones',true,'enabled',90),
('agencia_autos','credito',true,'enabled',100),
('agencia_autos','facturacion',true,'enabled',110),
('agencia_autos','servicios',true,'enabled',120),
('agencia_autos','aplicacion',true,'enabled',130),
('refresqueria','pos',true,'enabled',0),
('refresqueria','dashboard',true,'enabled',10),
('refresqueria','apertura',true,'enabled',20),
('refresqueria','corte',true,'enabled',30),
('refresqueria','ventas',true,'enabled',40),
('refresqueria','reportes',true,'enabled',50),
('refresqueria','clientes',true,'enabled',60),
('refresqueria','usuarios',true,'enabled',70),
('refresqueria','config',true,'enabled',80),
('tienda_china','pos',true,'enabled',0),
('tienda_china','dashboard',true,'enabled',10),
('tienda_china','apertura',true,'enabled',20),
('tienda_china','corte',true,'enabled',30),
('tienda_china','ventas',true,'enabled',40),
('tienda_china','reportes',true,'enabled',50),
('tienda_china','clientes',true,'enabled',60),
('tienda_china','usuarios',true,'enabled',70),
('tienda_china','config',true,'enabled',80),
('tienda_china','devoluciones',true,'enabled',90),
('tienda_china','inventario',true,'enabled',100),
('tienda_china','proveedores',true,'enabled',110),
('tienda_china','promociones',true,'enabled',120),
('tienda_china','departamentos',true,'enabled',130),
('bazar','pos',true,'enabled',0),
('bazar','dashboard',true,'enabled',10),
('bazar','apertura',true,'enabled',20),
('bazar','corte',true,'enabled',30),
('bazar','ventas',true,'enabled',40),
('bazar','reportes',true,'enabled',50),
('bazar','clientes',true,'enabled',60),
('bazar','usuarios',true,'enabled',70),
('bazar','config',true,'enabled',80),
('bazar','devoluciones',true,'enabled',90),
('bazar','inventario',true,'enabled',100),
('casa_empeno','pos',true,'enabled',0),
('casa_empeno','dashboard',true,'enabled',10),
('casa_empeno','apertura',true,'enabled',20),
('casa_empeno','corte',true,'enabled',30),
('casa_empeno','ventas',true,'enabled',40),
('casa_empeno','reportes',true,'enabled',50),
('casa_empeno','clientes',true,'enabled',60),
('casa_empeno','usuarios',true,'enabled',70),
('casa_empeno','config',true,'enabled',80),
('casa_empeno','credito',true,'enabled',90),
('casa_empeno','facturacion',true,'enabled',100),
('casa_empeno','aplicacion',true,'enabled',110),
('deportes','pos',true,'enabled',0),
('deportes','dashboard',true,'enabled',10),
('deportes','apertura',true,'enabled',20),
('deportes','corte',true,'enabled',30),
('deportes','ventas',true,'enabled',40),
('deportes','reportes',true,'enabled',50),
('deportes','clientes',true,'enabled',60),
('deportes','usuarios',true,'enabled',70),
('deportes','config',true,'enabled',80),
('deportes','devoluciones',true,'enabled',90),
('deportes','inventario',true,'enabled',100),
('deportes','departamentos',true,'enabled',110),
('deportes','promociones',true,'enabled',120),
('deportes','aplicacion',true,'enabled',130),
('wisp','pos',true,'enabled',0),
('wisp','dashboard',true,'enabled',10),
('wisp','apertura',true,'enabled',20),
('wisp','corte',true,'enabled',30),
('wisp','ventas',true,'enabled',40),
('wisp','reportes',true,'enabled',50),
('wisp','clientes',true,'enabled',60),
('wisp','usuarios',true,'enabled',70),
('wisp','config',true,'enabled',80),
('wisp','servicios',true,'enabled',90),
('wisp','credito',true,'enabled',100),
('wisp','facturacion',true,'enabled',110),
('wisp','aplicacion',true,'enabled',120),
('electrodomesticos','pos',true,'enabled',0),
('electrodomesticos','dashboard',true,'enabled',10),
('electrodomesticos','apertura',true,'enabled',20),
('electrodomesticos','corte',true,'enabled',30),
('electrodomesticos','ventas',true,'enabled',40),
('electrodomesticos','reportes',true,'enabled',50),
('electrodomesticos','clientes',true,'enabled',60),
('electrodomesticos','usuarios',true,'enabled',70),
('electrodomesticos','config',true,'enabled',80),
('electrodomesticos','devoluciones',true,'enabled',90),
('electrodomesticos','inventario',true,'enabled',100),
('electrodomesticos','servicios',true,'enabled',110),
('electrodomesticos','facturacion',true,'enabled',120),
('electrodomesticos','credito',true,'enabled',130),
('electrodomesticos','aplicacion',true,'enabled',140),
('pollo_frito','pos',true,'enabled',0),
('pollo_frito','dashboard',true,'enabled',10),
('pollo_frito','apertura',true,'enabled',20),
('pollo_frito','corte',true,'enabled',30),
('pollo_frito','ventas',true,'enabled',40),
('pollo_frito','reportes',true,'enabled',50),
('pollo_frito','clientes',true,'enabled',60),
('pollo_frito','usuarios',true,'enabled',70),
('pollo_frito','config',true,'enabled',80),
('pollo_frito','devoluciones',true,'enabled',90),
('pollo_frito','departamentos',true,'enabled',100),
('pollo_frito','aplicacion',true,'enabled',110),
('antojitos','pos',true,'enabled',0),
('antojitos','dashboard',true,'enabled',10),
('antojitos','apertura',true,'enabled',20),
('antojitos','corte',true,'enabled',30),
('antojitos','ventas',true,'enabled',40),
('antojitos','reportes',true,'enabled',50),
('antojitos','clientes',true,'enabled',60),
('antojitos','usuarios',true,'enabled',70),
('antojitos','config',true,'enabled',80),
('antojitos','devoluciones',true,'enabled',90),
('antojitos','departamentos',true,'enabled',100),
('banquetes','pos',true,'enabled',0),
('banquetes','dashboard',true,'enabled',10),
('banquetes','apertura',true,'enabled',20),
('banquetes','corte',true,'enabled',30),
('banquetes','ventas',true,'enabled',40),
('banquetes','reportes',true,'enabled',50),
('banquetes','clientes',true,'enabled',60),
('banquetes','usuarios',true,'enabled',70),
('banquetes','config',true,'enabled',80),
('banquetes','cotizaciones',true,'enabled',90),
('banquetes','servicios',true,'enabled',100),
('banquetes','credito',true,'enabled',110),
('banquetes','facturacion',true,'enabled',120),
('banquetes','aplicacion',true,'enabled',130),
('sonido','pos',true,'enabled',0),
('sonido','dashboard',true,'enabled',10),
('sonido','apertura',true,'enabled',20),
('sonido','corte',true,'enabled',30),
('sonido','ventas',true,'enabled',40),
('sonido','reportes',true,'enabled',50),
('sonido','clientes',true,'enabled',60),
('sonido','usuarios',true,'enabled',70),
('sonido','config',true,'enabled',80),
('sonido','cotizaciones',true,'enabled',90),
('sonido','servicios',true,'enabled',100),
('sonido','aplicacion',true,'enabled',110),
('tacos_vapor','pos',true,'enabled',0),
('tacos_vapor','dashboard',true,'enabled',10),
('tacos_vapor','apertura',true,'enabled',20),
('tacos_vapor','corte',true,'enabled',30),
('tacos_vapor','ventas',true,'enabled',40),
('tacos_vapor','reportes',true,'enabled',50),
('tacos_vapor','clientes',true,'enabled',60),
('tacos_vapor','usuarios',true,'enabled',70),
('tacos_vapor','config',true,'enabled',80),
('ecologica','pos',true,'enabled',0),
('ecologica','dashboard',true,'enabled',10),
('ecologica','apertura',true,'enabled',20),
('ecologica','corte',true,'enabled',30),
('ecologica','ventas',true,'enabled',40),
('ecologica','reportes',true,'enabled',50),
('ecologica','clientes',true,'enabled',60),
('ecologica','usuarios',true,'enabled',70),
('ecologica','config',true,'enabled',80),
('ecologica','devoluciones',true,'enabled',90),
('ecologica','inventario',true,'enabled',100),
('ecologica','promociones',true,'enabled',110),
('ecologica','aplicacion',true,'enabled',120),
('vape_shop','pos',true,'enabled',0),
('vape_shop','dashboard',true,'enabled',10),
('vape_shop','apertura',true,'enabled',20),
('vape_shop','corte',true,'enabled',30),
('vape_shop','ventas',true,'enabled',40),
('vape_shop','reportes',true,'enabled',50),
('vape_shop','clientes',true,'enabled',60),
('vape_shop','usuarios',true,'enabled',70),
('vape_shop','config',true,'enabled',80),
('vape_shop','devoluciones',true,'enabled',90),
('vape_shop','inventario',true,'enabled',100),
('sex_shop','pos',true,'enabled',0),
('sex_shop','dashboard',true,'enabled',10),
('sex_shop','apertura',true,'enabled',20),
('sex_shop','corte',true,'enabled',30),
('sex_shop','ventas',true,'enabled',40),
('sex_shop','reportes',true,'enabled',50),
('sex_shop','clientes',true,'enabled',60),
('sex_shop','usuarios',true,'enabled',70),
('sex_shop','config',true,'enabled',80),
('sex_shop','devoluciones',true,'enabled',90),
('sex_shop','inventario',true,'enabled',100),
('gamer','pos',true,'enabled',0),
('gamer','dashboard',true,'enabled',10),
('gamer','apertura',true,'enabled',20),
('gamer','corte',true,'enabled',30),
('gamer','ventas',true,'enabled',40),
('gamer','reportes',true,'enabled',50),
('gamer','clientes',true,'enabled',60),
('gamer','usuarios',true,'enabled',70),
('gamer','config',true,'enabled',80),
('gamer','devoluciones',true,'enabled',90),
('gamer','inventario',true,'enabled',100),
('gamer','promociones',true,'enabled',110),
('gamer','aplicacion',true,'enabled',120),
('cerveza_artesanal','pos',true,'enabled',0),
('cerveza_artesanal','dashboard',true,'enabled',10),
('cerveza_artesanal','apertura',true,'enabled',20),
('cerveza_artesanal','corte',true,'enabled',30),
('cerveza_artesanal','ventas',true,'enabled',40),
('cerveza_artesanal','reportes',true,'enabled',50),
('cerveza_artesanal','clientes',true,'enabled',60),
('cerveza_artesanal','usuarios',true,'enabled',70),
('cerveza_artesanal','config',true,'enabled',80),
('cerveza_artesanal','devoluciones',true,'enabled',90),
('cerveza_artesanal','inventario',true,'enabled',100),
('cerveza_artesanal','proveedores',true,'enabled',110),
('paneles_solares','pos',true,'enabled',0),
('paneles_solares','dashboard',true,'enabled',10),
('paneles_solares','apertura',true,'enabled',20),
('paneles_solares','corte',true,'enabled',30),
('paneles_solares','ventas',true,'enabled',40),
('paneles_solares','reportes',true,'enabled',50),
('paneles_solares','clientes',true,'enabled',60),
('paneles_solares','usuarios',true,'enabled',70),
('paneles_solares','config',true,'enabled',80),
('paneles_solares','cotizaciones',true,'enabled',90),
('paneles_solares','servicios',true,'enabled',100),
('paneles_solares','credito',true,'enabled',110),
('paneles_solares','facturacion',true,'enabled',120),
('paneles_solares','aplicacion',true,'enabled',130),
('cctv','pos',true,'enabled',0),
('cctv','dashboard',true,'enabled',10),
('cctv','apertura',true,'enabled',20),
('cctv','corte',true,'enabled',30),
('cctv','ventas',true,'enabled',40),
('cctv','reportes',true,'enabled',50),
('cctv','clientes',true,'enabled',60),
('cctv','usuarios',true,'enabled',70),
('cctv','config',true,'enabled',80),
('cctv','cotizaciones',true,'enabled',90),
('cctv','servicios',true,'enabled',100),
('cctv','aplicacion',true,'enabled',110),
('software','pos',true,'enabled',0),
('software','dashboard',true,'enabled',10),
('software','apertura',true,'enabled',20),
('software','corte',true,'enabled',30),
('software','ventas',true,'enabled',40),
('software','reportes',true,'enabled',50),
('software','clientes',true,'enabled',60),
('software','usuarios',true,'enabled',70),
('software','config',true,'enabled',80),
('software','servicios',true,'enabled',90),
('software','facturacion',true,'enabled',100),
('software','credito',true,'enabled',110),
('software','aplicacion',true,'enabled',120),
('marketing_digital','pos',true,'enabled',0),
('marketing_digital','dashboard',true,'enabled',10),
('marketing_digital','apertura',true,'enabled',20),
('marketing_digital','corte',true,'enabled',30),
('marketing_digital','ventas',true,'enabled',40),
('marketing_digital','reportes',true,'enabled',50),
('marketing_digital','clientes',true,'enabled',60),
('marketing_digital','usuarios',true,'enabled',70),
('marketing_digital','config',true,'enabled',80),
('marketing_digital','cotizaciones',true,'enabled',90),
('marketing_digital','servicios',true,'enabled',100),
('marketing_digital','facturacion',true,'enabled',110),
('marketing_digital','aplicacion',true,'enabled',120),
('hosting_web','pos',true,'enabled',0),
('hosting_web','dashboard',true,'enabled',10),
('hosting_web','apertura',true,'enabled',20),
('hosting_web','corte',true,'enabled',30),
('hosting_web','ventas',true,'enabled',40),
('hosting_web','reportes',true,'enabled',50),
('hosting_web','clientes',true,'enabled',60),
('hosting_web','usuarios',true,'enabled',70),
('hosting_web','config',true,'enabled',80),
('hosting_web','servicios',true,'enabled',90),
('hosting_web','facturacion',true,'enabled',100),
('hosting_web','credito',true,'enabled',110),
('hosting_web','aplicacion',true,'enabled',120),
('coworking','pos',true,'enabled',0),
('coworking','dashboard',true,'enabled',10),
('coworking','apertura',true,'enabled',20),
('coworking','corte',true,'enabled',30),
('coworking','ventas',true,'enabled',40),
('coworking','reportes',true,'enabled',50),
('coworking','clientes',true,'enabled',60),
('coworking','usuarios',true,'enabled',70),
('coworking','config',true,'enabled',80),
('coworking','servicios',true,'enabled',90),
('coworking','credito',true,'enabled',100),
('coworking','facturacion',true,'enabled',110),
('coworking','aplicacion',true,'enabled',120),
('impresion_3d','pos',true,'enabled',0),
('impresion_3d','dashboard',true,'enabled',10),
('impresion_3d','apertura',true,'enabled',20),
('impresion_3d','corte',true,'enabled',30),
('impresion_3d','ventas',true,'enabled',40),
('impresion_3d','reportes',true,'enabled',50),
('impresion_3d','clientes',true,'enabled',60),
('impresion_3d','usuarios',true,'enabled',70),
('impresion_3d','config',true,'enabled',80),
('impresion_3d','cotizaciones',true,'enabled',90),
('impresion_3d','servicios',true,'enabled',100),
('impresion_3d','aplicacion',true,'enabled',110),
('drones','pos',true,'enabled',0),
('drones','dashboard',true,'enabled',10),
('drones','apertura',true,'enabled',20),
('drones','corte',true,'enabled',30),
('drones','ventas',true,'enabled',40),
('drones','reportes',true,'enabled',50),
('drones','clientes',true,'enabled',60),
('drones','usuarios',true,'enabled',70),
('drones','config',true,'enabled',80),
('drones','devoluciones',true,'enabled',90),
('drones','inventario',true,'enabled',100),
('drones','servicios',true,'enabled',110),
('drones','facturacion',true,'enabled',120),
('drones','aplicacion',true,'enabled',130),
('automatizacion','pos',true,'enabled',0),
('automatizacion','dashboard',true,'enabled',10),
('automatizacion','apertura',true,'enabled',20),
('automatizacion','corte',true,'enabled',30),
('automatizacion','ventas',true,'enabled',40),
('automatizacion','reportes',true,'enabled',50),
('automatizacion','clientes',true,'enabled',60),
('automatizacion','usuarios',true,'enabled',70),
('automatizacion','config',true,'enabled',80),
('automatizacion','cotizaciones',true,'enabled',90),
('automatizacion','servicios',true,'enabled',100),
('automatizacion','aplicacion',true,'enabled',110),
('ia_chatbots','pos',true,'enabled',0),
('ia_chatbots','dashboard',true,'enabled',10),
('ia_chatbots','apertura',true,'enabled',20),
('ia_chatbots','corte',true,'enabled',30),
('ia_chatbots','ventas',true,'enabled',40),
('ia_chatbots','reportes',true,'enabled',50),
('ia_chatbots','clientes',true,'enabled',60),
('ia_chatbots','usuarios',true,'enabled',70),
('ia_chatbots','config',true,'enabled',80),
('ia_chatbots','servicios',true,'enabled',90),
('ia_chatbots','facturacion',true,'enabled',100),
('ia_chatbots','aplicacion',true,'enabled',110),
('criptomonedas','pos',true,'enabled',0),
('criptomonedas','dashboard',true,'enabled',10),
('criptomonedas','apertura',true,'enabled',20),
('criptomonedas','corte',true,'enabled',30),
('criptomonedas','ventas',true,'enabled',40),
('criptomonedas','reportes',true,'enabled',50),
('criptomonedas','clientes',true,'enabled',60),
('criptomonedas','usuarios',true,'enabled',70),
('criptomonedas','config',true,'enabled',80),
('criptomonedas','servicios',true,'enabled',90),
('criptomonedas','aplicacion',true,'enabled',100),
('dark_kitchen','pos',true,'enabled',0),
('dark_kitchen','dashboard',true,'enabled',10),
('dark_kitchen','apertura',true,'enabled',20),
('dark_kitchen','corte',true,'enabled',30),
('dark_kitchen','ventas',true,'enabled',40),
('dark_kitchen','reportes',true,'enabled',50),
('dark_kitchen','clientes',true,'enabled',60),
('dark_kitchen','usuarios',true,'enabled',70),
('dark_kitchen','config',true,'enabled',80),
('dark_kitchen','devoluciones',true,'enabled',90),
('dark_kitchen','departamentos',true,'enabled',100),
('dark_kitchen','aplicacion',true,'enabled',110),
('ghost_kitchen','pos',true,'enabled',0),
('ghost_kitchen','dashboard',true,'enabled',10),
('ghost_kitchen','apertura',true,'enabled',20),
('ghost_kitchen','corte',true,'enabled',30),
('ghost_kitchen','ventas',true,'enabled',40),
('ghost_kitchen','reportes',true,'enabled',50),
('ghost_kitchen','clientes',true,'enabled',60),
('ghost_kitchen','usuarios',true,'enabled',70),
('ghost_kitchen','config',true,'enabled',80),
('ghost_kitchen','devoluciones',true,'enabled',90),
('ghost_kitchen','departamentos',true,'enabled',100),
('ghost_kitchen','aplicacion',true,'enabled',110),
('domotica','pos',true,'enabled',0),
('domotica','dashboard',true,'enabled',10),
('domotica','apertura',true,'enabled',20),
('domotica','corte',true,'enabled',30),
('domotica','ventas',true,'enabled',40),
('domotica','reportes',true,'enabled',50),
('domotica','clientes',true,'enabled',60),
('domotica','usuarios',true,'enabled',70),
('domotica','config',true,'enabled',80),
('domotica','cotizaciones',true,'enabled',90),
('domotica','servicios',true,'enabled',100),
('domotica','aplicacion',true,'enabled',110)
ON CONFLICT (giro_slug, modulo) DO UPDATE SET activo=EXCLUDED.activo, state=EXCLUDED.state, orden=EXCLUDED.orden, updated_at=now();

-- Section 4: giros_buttons (app PWA tabs)
INSERT INTO giros_buttons (giro_slug, button_key, activo, state, orden) VALUES
('abarrotes','app.bottom_inicio',true,'enabled',0),
('abarrotes','app.bottom_historial',true,'enabled',10),
('abarrotes','app.bottom_citas',false,'hidden',20),
('abarrotes','app.bottom_carrito',true,'enabled',30),
('abarrotes','app.section_main_list',true,'enabled',100),
('abarrotes','app.section_news',true,'enabled',110),
('abarrotes','app.section_contact',true,'enabled',120),
('abarrotes','app.section_profile',true,'enabled',130),
('ropa','app.bottom_inicio',true,'enabled',0),
('ropa','app.bottom_historial',true,'enabled',10),
('ropa','app.bottom_citas',false,'hidden',20),
('ropa','app.bottom_carrito',true,'enabled',30),
('ropa','app.section_main_list',true,'enabled',100),
('ropa','app.section_news',true,'enabled',110),
('ropa','app.section_contact',true,'enabled',120),
('ropa','app.section_profile',true,'enabled',130),
('restaurante','app.bottom_inicio',true,'enabled',0),
('restaurante','app.bottom_historial',true,'enabled',10),
('restaurante','app.bottom_citas',true,'enabled',20),
('restaurante','app.bottom_carrito',true,'enabled',30),
('restaurante','app.section_main_list',true,'enabled',100),
('restaurante','app.section_news',true,'enabled',110),
('restaurante','app.section_contact',true,'enabled',120),
('restaurante','app.section_profile',true,'enabled',130),
('farmacia','app.bottom_inicio',true,'enabled',0),
('farmacia','app.bottom_historial',true,'enabled',10),
('farmacia','app.bottom_citas',false,'hidden',20),
('farmacia','app.bottom_carrito',true,'enabled',30),
('farmacia','app.section_main_list',true,'enabled',100),
('farmacia','app.section_news',true,'enabled',110),
('farmacia','app.section_contact',true,'enabled',120),
('farmacia','app.section_profile',true,'enabled',130),
('estetica','app.bottom_inicio',true,'enabled',0),
('estetica','app.bottom_historial',true,'enabled',10),
('estetica','app.bottom_citas',true,'enabled',20),
('estetica','app.bottom_carrito',false,'hidden',30),
('estetica','app.section_main_list',true,'enabled',100),
('estetica','app.section_news',true,'enabled',110),
('estetica','app.section_contact',true,'enabled',120),
('estetica','app.section_profile',true,'enabled',130),
('barberia','app.bottom_inicio',true,'enabled',0),
('barberia','app.bottom_historial',true,'enabled',10),
('barberia','app.bottom_citas',true,'enabled',20),
('barberia','app.bottom_carrito',false,'hidden',30),
('barberia','app.section_main_list',true,'enabled',100),
('barberia','app.section_news',true,'enabled',110),
('barberia','app.section_contact',true,'enabled',120),
('barberia','app.section_profile',true,'enabled',130),
('ferreteria','app.bottom_inicio',true,'enabled',0),
('ferreteria','app.bottom_historial',false,'hidden',10),
('ferreteria','app.bottom_citas',false,'hidden',20),
('ferreteria','app.bottom_carrito',true,'enabled',30),
('ferreteria','app.section_main_list',true,'enabled',100),
('ferreteria','app.section_news',true,'enabled',110),
('ferreteria','app.section_contact',true,'enabled',120),
('ferreteria','app.section_profile',true,'enabled',130),
('carniceria','app.bottom_inicio',true,'enabled',0),
('carniceria','app.bottom_historial',false,'hidden',10),
('carniceria','app.bottom_citas',false,'hidden',20),
('carniceria','app.bottom_carrito',true,'enabled',30),
('carniceria','app.section_main_list',true,'enabled',100),
('carniceria','app.section_news',true,'enabled',110),
('carniceria','app.section_contact',true,'enabled',120),
('carniceria','app.section_profile',true,'enabled',130),
('celulares','app.bottom_inicio',true,'enabled',0),
('celulares','app.bottom_historial',false,'hidden',10),
('celulares','app.bottom_citas',false,'hidden',20),
('celulares','app.bottom_carrito',true,'enabled',30),
('celulares','app.section_main_list',true,'enabled',100),
('celulares','app.section_news',true,'enabled',110),
('celulares','app.section_contact',true,'enabled',120),
('celulares','app.section_profile',true,'enabled',130),
('refaccionaria','app.bottom_inicio',true,'enabled',0),
('refaccionaria','app.bottom_historial',false,'hidden',10),
('refaccionaria','app.bottom_citas',false,'hidden',20),
('refaccionaria','app.bottom_carrito',true,'enabled',30),
('refaccionaria','app.section_main_list',true,'enabled',100),
('refaccionaria','app.section_news',true,'enabled',110),
('refaccionaria','app.section_contact',true,'enabled',120),
('refaccionaria','app.section_profile',true,'enabled',130),
('cafeteria','app.bottom_inicio',true,'enabled',0),
('cafeteria','app.bottom_historial',true,'enabled',10),
('cafeteria','app.bottom_citas',false,'hidden',20),
('cafeteria','app.bottom_carrito',true,'enabled',30),
('cafeteria','app.section_main_list',true,'enabled',100),
('cafeteria','app.section_news',true,'enabled',110),
('cafeteria','app.section_contact',true,'enabled',120),
('cafeteria','app.section_profile',true,'enabled',130),
('taller-mecanico','app.bottom_inicio',true,'enabled',0),
('taller-mecanico','app.bottom_historial',true,'enabled',10),
('taller-mecanico','app.bottom_citas',true,'enabled',20),
('taller-mecanico','app.bottom_carrito',false,'hidden',30),
('taller-mecanico','app.section_main_list',true,'enabled',100),
('taller-mecanico','app.section_news',true,'enabled',110),
('taller-mecanico','app.section_contact',true,'enabled',120),
('taller-mecanico','app.section_profile',true,'enabled',130),
('veterinaria','app.bottom_inicio',true,'enabled',0),
('veterinaria','app.bottom_historial',true,'enabled',10),
('veterinaria','app.bottom_citas',true,'enabled',20),
('veterinaria','app.bottom_carrito',false,'hidden',30),
('veterinaria','app.section_main_list',true,'enabled',100),
('veterinaria','app.section_news',true,'enabled',110),
('veterinaria','app.section_contact',true,'enabled',120),
('veterinaria','app.section_profile',true,'enabled',130),
('comida_corrida','app.bottom_inicio',true,'enabled',0),
('comida_corrida','app.bottom_historial',false,'hidden',10),
('comida_corrida','app.bottom_citas',false,'hidden',20),
('comida_corrida','app.bottom_carrito',true,'enabled',30),
('comida_corrida','app.section_main_list',true,'enabled',100),
('comida_corrida','app.section_news',true,'enabled',110),
('comida_corrida','app.section_contact',true,'enabled',120),
('comida_corrida','app.section_profile',true,'enabled',130),
('pizzeria','app.bottom_inicio',true,'enabled',0),
('pizzeria','app.bottom_historial',false,'hidden',10),
('pizzeria','app.bottom_citas',false,'hidden',20),
('pizzeria','app.bottom_carrito',true,'enabled',30),
('pizzeria','app.section_main_list',true,'enabled',100),
('pizzeria','app.section_news',true,'enabled',110),
('pizzeria','app.section_contact',true,'enabled',120),
('pizzeria','app.section_profile',true,'enabled',130),
('lavanderia','app.bottom_inicio',true,'enabled',0),
('lavanderia','app.bottom_historial',true,'enabled',10),
('lavanderia','app.bottom_citas',false,'hidden',20),
('lavanderia','app.bottom_carrito',false,'hidden',30),
('lavanderia','app.section_main_list',true,'enabled',100),
('lavanderia','app.section_news',true,'enabled',110),
('lavanderia','app.section_contact',true,'enabled',120),
('lavanderia','app.section_profile',true,'enabled',130),
('purificadora','app.bottom_inicio',true,'enabled',0),
('purificadora','app.bottom_historial',false,'hidden',10),
('purificadora','app.bottom_citas',false,'hidden',20),
('purificadora','app.bottom_carrito',true,'enabled',30),
('purificadora','app.section_main_list',true,'enabled',100),
('purificadora','app.section_news',true,'enabled',110),
('purificadora','app.section_contact',true,'enabled',120),
('purificadora','app.section_profile',true,'enabled',130),
('joyeria','app.bottom_inicio',true,'enabled',0),
('joyeria','app.bottom_historial',false,'hidden',10),
('joyeria','app.bottom_citas',false,'hidden',20),
('joyeria','app.bottom_carrito',true,'enabled',30),
('joyeria','app.section_main_list',true,'enabled',100),
('joyeria','app.section_news',true,'enabled',110),
('joyeria','app.section_contact',true,'enabled',120),
('joyeria','app.section_profile',true,'enabled',130),
('zapateria','app.bottom_inicio',true,'enabled',0),
('zapateria','app.bottom_historial',false,'hidden',10),
('zapateria','app.bottom_citas',false,'hidden',20),
('zapateria','app.bottom_carrito',true,'enabled',30),
('zapateria','app.section_main_list',true,'enabled',100),
('zapateria','app.section_news',true,'enabled',110),
('zapateria','app.section_contact',true,'enabled',120),
('zapateria','app.section_profile',true,'enabled',130),
('boutique','app.bottom_inicio',true,'enabled',0),
('boutique','app.bottom_historial',false,'hidden',10),
('boutique','app.bottom_citas',false,'hidden',20),
('boutique','app.bottom_carrito',true,'enabled',30),
('boutique','app.section_main_list',true,'enabled',100),
('boutique','app.section_news',true,'enabled',110),
('boutique','app.section_contact',true,'enabled',120),
('boutique','app.section_profile',true,'enabled',130),
('cosmeticos','app.bottom_inicio',true,'enabled',0),
('cosmeticos','app.bottom_historial',false,'hidden',10),
('cosmeticos','app.bottom_citas',false,'hidden',20),
('cosmeticos','app.bottom_carrito',true,'enabled',30),
('cosmeticos','app.section_main_list',true,'enabled',100),
('cosmeticos','app.section_news',true,'enabled',110),
('cosmeticos','app.section_contact',true,'enabled',120),
('cosmeticos','app.section_profile',true,'enabled',130),
('imprenta','app.bottom_inicio',true,'enabled',0),
('imprenta','app.bottom_historial',true,'enabled',10),
('imprenta','app.bottom_citas',false,'hidden',20),
('imprenta','app.bottom_carrito',false,'hidden',30),
('imprenta','app.section_main_list',true,'enabled',100),
('imprenta','app.section_news',true,'enabled',110),
('imprenta','app.section_contact',true,'enabled',120),
('imprenta','app.section_profile',true,'enabled',130),
('carpinteria','app.bottom_inicio',true,'enabled',0),
('carpinteria','app.bottom_historial',true,'enabled',10),
('carpinteria','app.bottom_citas',false,'hidden',20),
('carpinteria','app.bottom_carrito',false,'hidden',30),
('carpinteria','app.section_main_list',true,'enabled',100),
('carpinteria','app.section_news',true,'enabled',110),
('carpinteria','app.section_contact',true,'enabled',120),
('carpinteria','app.section_profile',true,'enabled',130),
('herreria','app.bottom_inicio',true,'enabled',0),
('herreria','app.bottom_historial',true,'enabled',10),
('herreria','app.bottom_citas',false,'hidden',20),
('herreria','app.bottom_carrito',false,'hidden',30),
('herreria','app.section_main_list',true,'enabled',100),
('herreria','app.section_news',true,'enabled',110),
('herreria','app.section_contact',true,'enabled',120),
('herreria','app.section_profile',true,'enabled',130),
('electronica','app.bottom_inicio',true,'enabled',0),
('electronica','app.bottom_historial',false,'hidden',10),
('electronica','app.bottom_citas',false,'hidden',20),
('electronica','app.bottom_carrito',true,'enabled',30),
('electronica','app.section_main_list',true,'enabled',100),
('electronica','app.section_news',true,'enabled',110),
('electronica','app.section_contact',true,'enabled',120),
('electronica','app.section_profile',true,'enabled',130),
('gimnasio','app.bottom_inicio',true,'enabled',0),
('gimnasio','app.bottom_historial',true,'enabled',10),
('gimnasio','app.bottom_citas',true,'enabled',20),
('gimnasio','app.bottom_carrito',true,'enabled',30),
('gimnasio','app.section_main_list',true,'enabled',100),
('gimnasio','app.section_news',true,'enabled',110),
('gimnasio','app.section_contact',true,'enabled',120),
('gimnasio','app.section_profile',true,'enabled',130),
('hamburguesas','app.bottom_inicio',true,'enabled',0),
('hamburguesas','app.bottom_historial',false,'hidden',10),
('hamburguesas','app.bottom_citas',false,'hidden',20),
('hamburguesas','app.bottom_carrito',true,'enabled',30),
('hamburguesas','app.section_main_list',true,'enabled',100),
('hamburguesas','app.section_news',true,'enabled',110),
('hamburguesas','app.section_contact',true,'enabled',120),
('hamburguesas','app.section_profile',true,'enabled',130),
('polleria','app.bottom_inicio',true,'enabled',0),
('polleria','app.bottom_historial',false,'hidden',10),
('polleria','app.bottom_citas',false,'hidden',20),
('polleria','app.bottom_carrito',true,'enabled',30),
('polleria','app.section_main_list',true,'enabled',100),
('polleria','app.section_news',true,'enabled',110),
('polleria','app.section_contact',true,'enabled',120),
('polleria','app.section_profile',true,'enabled',130),
('marisqueria','app.bottom_inicio',true,'enabled',0),
('marisqueria','app.bottom_historial',false,'hidden',10),
('marisqueria','app.bottom_citas',false,'hidden',20),
('marisqueria','app.bottom_carrito',true,'enabled',30),
('marisqueria','app.section_main_list',true,'enabled',100),
('marisqueria','app.section_news',true,'enabled',110),
('marisqueria','app.section_contact',true,'enabled',120),
('marisqueria','app.section_profile',true,'enabled',130),
('hotel','app.bottom_inicio',true,'enabled',0),
('hotel','app.bottom_historial',true,'enabled',10),
('hotel','app.bottom_citas',true,'enabled',20),
('hotel','app.bottom_carrito',true,'enabled',30),
('hotel','app.section_main_list',true,'enabled',100),
('hotel','app.section_news',true,'enabled',110),
('hotel','app.section_contact',true,'enabled',120),
('hotel','app.section_profile',true,'enabled',130),
('naturista','app.bottom_inicio',true,'enabled',0),
('naturista','app.bottom_historial',false,'hidden',10),
('naturista','app.bottom_citas',false,'hidden',20),
('naturista','app.bottom_carrito',true,'enabled',30),
('naturista','app.section_main_list',true,'enabled',100),
('naturista','app.section_news',true,'enabled',110),
('naturista','app.section_contact',true,'enabled',120),
('naturista','app.section_profile',true,'enabled',130),
('reparacion_celulares','app.bottom_inicio',true,'enabled',0),
('reparacion_celulares','app.bottom_historial',true,'enabled',10),
('reparacion_celulares','app.bottom_citas',false,'hidden',20),
('reparacion_celulares','app.bottom_carrito',false,'hidden',30),
('reparacion_celulares','app.section_main_list',true,'enabled',100),
('reparacion_celulares','app.section_news',true,'enabled',110),
('reparacion_celulares','app.section_contact',true,'enabled',120),
('reparacion_celulares','app.section_profile',true,'enabled',130),
('agencia_de_viajes','app.bottom_inicio',true,'enabled',0),
('agencia_de_viajes','app.bottom_historial',true,'enabled',10),
('agencia_de_viajes','app.bottom_citas',true,'enabled',20),
('agencia_de_viajes','app.bottom_carrito',true,'enabled',30),
('agencia_de_viajes','app.section_main_list',true,'enabled',100),
('agencia_de_viajes','app.section_news',true,'enabled',110),
('agencia_de_viajes','app.section_contact',true,'enabled',120),
('agencia_de_viajes','app.section_profile',true,'enabled',130),
('tienda_mascotas','app.bottom_inicio',true,'enabled',0),
('tienda_mascotas','app.bottom_historial',false,'hidden',10),
('tienda_mascotas','app.bottom_citas',false,'hidden',20),
('tienda_mascotas','app.bottom_carrito',true,'enabled',30),
('tienda_mascotas','app.section_main_list',true,'enabled',100),
('tienda_mascotas','app.section_news',true,'enabled',110),
('tienda_mascotas','app.section_contact',true,'enabled',120),
('tienda_mascotas','app.section_profile',true,'enabled',130),
('muebleria','app.bottom_inicio',true,'enabled',0),
('muebleria','app.bottom_historial',false,'hidden',10),
('muebleria','app.bottom_citas',false,'hidden',20),
('muebleria','app.bottom_carrito',true,'enabled',30),
('muebleria','app.section_main_list',true,'enabled',100),
('muebleria','app.section_news',true,'enabled',110),
('muebleria','app.section_contact',true,'enabled',120),
('muebleria','app.section_profile',true,'enabled',130),
('vidrieria','app.bottom_inicio',true,'enabled',0),
('vidrieria','app.bottom_historial',true,'enabled',10),
('vidrieria','app.bottom_citas',false,'hidden',20),
('vidrieria','app.bottom_carrito',false,'hidden',30),
('vidrieria','app.section_main_list',true,'enabled',100),
('vidrieria','app.section_news',true,'enabled',110),
('vidrieria','app.section_contact',true,'enabled',120),
('vidrieria','app.section_profile',true,'enabled',130),
('sushi','app.bottom_inicio',true,'enabled',0),
('sushi','app.bottom_historial',false,'hidden',10),
('sushi','app.bottom_citas',false,'hidden',20),
('sushi','app.bottom_carrito',true,'enabled',30),
('sushi','app.section_main_list',true,'enabled',100),
('sushi','app.section_news',true,'enabled',110),
('sushi','app.section_contact',true,'enabled',120),
('sushi','app.section_profile',true,'enabled',130),
('escuela','app.bottom_inicio',true,'enabled',0),
('escuela','app.bottom_historial',true,'enabled',10),
('escuela','app.bottom_citas',false,'hidden',20),
('escuela','app.bottom_carrito',false,'hidden',30),
('escuela','app.section_main_list',true,'enabled',100),
('escuela','app.section_news',true,'enabled',110),
('escuela','app.section_contact',true,'enabled',120),
('escuela','app.section_profile',true,'enabled',130),
('guarderia','app.bottom_inicio',true,'enabled',0),
('guarderia','app.bottom_historial',true,'enabled',10),
('guarderia','app.bottom_citas',false,'hidden',20),
('guarderia','app.bottom_carrito',false,'hidden',30),
('guarderia','app.section_main_list',true,'enabled',100),
('guarderia','app.section_news',true,'enabled',110),
('guarderia','app.section_contact',true,'enabled',120),
('guarderia','app.section_profile',true,'enabled',130),
('dentista','app.bottom_inicio',true,'enabled',0),
('dentista','app.bottom_historial',true,'enabled',10),
('dentista','app.bottom_citas',true,'enabled',20),
('dentista','app.bottom_carrito',false,'hidden',30),
('dentista','app.section_main_list',true,'enabled',100),
('dentista','app.section_news',true,'enabled',110),
('dentista','app.section_contact',true,'enabled',120),
('dentista','app.section_profile',true,'enabled',130),
('medico','app.bottom_inicio',true,'enabled',0),
('medico','app.bottom_historial',true,'enabled',10),
('medico','app.bottom_citas',true,'enabled',20),
('medico','app.bottom_carrito',false,'hidden',30),
('medico','app.section_main_list',true,'enabled',100),
('medico','app.section_news',true,'enabled',110),
('medico','app.section_contact',true,'enabled',120),
('medico','app.section_profile',true,'enabled',130),
('optica','app.bottom_inicio',true,'enabled',0),
('optica','app.bottom_historial',true,'enabled',10),
('optica','app.bottom_citas',true,'enabled',20),
('optica','app.bottom_carrito',true,'enabled',30),
('optica','app.section_main_list',true,'enabled',100),
('optica','app.section_news',true,'enabled',110),
('optica','app.section_contact',true,'enabled',120),
('optica','app.section_profile',true,'enabled',130),
('computacion','app.bottom_inicio',true,'enabled',0),
('computacion','app.bottom_historial',false,'hidden',10),
('computacion','app.bottom_citas',false,'hidden',20),
('computacion','app.bottom_carrito',true,'enabled',30),
('computacion','app.section_main_list',true,'enabled',100),
('computacion','app.section_news',true,'enabled',110),
('computacion','app.section_contact',true,'enabled',120),
('computacion','app.section_profile',true,'enabled',130),
('fotografia','app.bottom_inicio',true,'enabled',0),
('fotografia','app.bottom_historial',true,'enabled',10),
('fotografia','app.bottom_citas',true,'enabled',20),
('fotografia','app.bottom_carrito',false,'hidden',30),
('fotografia','app.section_main_list',true,'enabled',100),
('fotografia','app.section_news',true,'enabled',110),
('fotografia','app.section_contact',true,'enabled',120),
('fotografia','app.section_profile',true,'enabled',130),
('floreria','app.bottom_inicio',true,'enabled',0),
('floreria','app.bottom_historial',false,'hidden',10),
('floreria','app.bottom_citas',false,'hidden',20),
('floreria','app.bottom_carrito',true,'enabled',30),
('floreria','app.section_main_list',true,'enabled',100),
('floreria','app.section_news',true,'enabled',110),
('floreria','app.section_contact',true,'enabled',120),
('floreria','app.section_profile',true,'enabled',130),
('pasteleria','app.bottom_inicio',true,'enabled',0),
('pasteleria','app.bottom_historial',true,'enabled',10),
('pasteleria','app.bottom_citas',false,'hidden',20),
('pasteleria','app.bottom_carrito',true,'enabled',30),
('pasteleria','app.section_main_list',true,'enabled',100),
('pasteleria','app.section_news',true,'enabled',110),
('pasteleria','app.section_contact',true,'enabled',120),
('pasteleria','app.section_profile',true,'enabled',130),
('construccion','app.bottom_inicio',true,'enabled',0),
('construccion','app.bottom_historial',false,'hidden',10),
('construccion','app.bottom_citas',false,'hidden',20),
('construccion','app.bottom_carrito',true,'enabled',30),
('construccion','app.section_main_list',true,'enabled',100),
('construccion','app.section_news',true,'enabled',110),
('construccion','app.section_contact',true,'enabled',120),
('construccion','app.section_profile',true,'enabled',130),
('aluminio','app.bottom_inicio',true,'enabled',0),
('aluminio','app.bottom_historial',true,'enabled',10),
('aluminio','app.bottom_citas',false,'hidden',20),
('aluminio','app.bottom_carrito',false,'hidden',30),
('aluminio','app.section_main_list',true,'enabled',100),
('aluminio','app.section_news',true,'enabled',110),
('aluminio','app.section_contact',true,'enabled',120),
('aluminio','app.section_profile',true,'enabled',130),
('carwash','app.bottom_inicio',true,'enabled',0),
('carwash','app.bottom_historial',false,'hidden',10),
('carwash','app.bottom_citas',true,'enabled',20),
('carwash','app.bottom_carrito',false,'hidden',30),
('carwash','app.section_main_list',true,'enabled',100),
('carwash','app.section_news',true,'enabled',110),
('carwash','app.section_contact',true,'enabled',120),
('carwash','app.section_profile',true,'enabled',130),
('agencia_autos','app.bottom_inicio',true,'enabled',0),
('agencia_autos','app.bottom_historial',true,'enabled',10),
('agencia_autos','app.bottom_citas',false,'hidden',20),
('agencia_autos','app.bottom_carrito',false,'hidden',30),
('agencia_autos','app.section_main_list',true,'enabled',100),
('agencia_autos','app.section_news',true,'enabled',110),
('agencia_autos','app.section_contact',true,'enabled',120),
('agencia_autos','app.section_profile',true,'enabled',130),
('casa_empeno','app.bottom_inicio',true,'enabled',0),
('casa_empeno','app.bottom_historial',true,'enabled',10),
('casa_empeno','app.bottom_citas',false,'hidden',20),
('casa_empeno','app.bottom_carrito',false,'hidden',30),
('casa_empeno','app.section_main_list',true,'enabled',100),
('casa_empeno','app.section_news',true,'enabled',110),
('casa_empeno','app.section_contact',true,'enabled',120),
('casa_empeno','app.section_profile',true,'enabled',130),
('deportes','app.bottom_inicio',true,'enabled',0),
('deportes','app.bottom_historial',false,'hidden',10),
('deportes','app.bottom_citas',false,'hidden',20),
('deportes','app.bottom_carrito',true,'enabled',30),
('deportes','app.section_main_list',true,'enabled',100),
('deportes','app.section_news',true,'enabled',110),
('deportes','app.section_contact',true,'enabled',120),
('deportes','app.section_profile',true,'enabled',130),
('wisp','app.bottom_inicio',true,'enabled',0),
('wisp','app.bottom_historial',true,'enabled',10),
('wisp','app.bottom_citas',false,'hidden',20),
('wisp','app.bottom_carrito',true,'enabled',30),
('wisp','app.section_main_list',true,'enabled',100),
('wisp','app.section_news',true,'enabled',110),
('wisp','app.section_contact',true,'enabled',120),
('wisp','app.section_profile',true,'enabled',130),
('electrodomesticos','app.bottom_inicio',true,'enabled',0),
('electrodomesticos','app.bottom_historial',true,'enabled',10),
('electrodomesticos','app.bottom_citas',false,'hidden',20),
('electrodomesticos','app.bottom_carrito',true,'enabled',30),
('electrodomesticos','app.section_main_list',true,'enabled',100),
('electrodomesticos','app.section_news',true,'enabled',110),
('electrodomesticos','app.section_contact',true,'enabled',120),
('electrodomesticos','app.section_profile',true,'enabled',130),
('pollo_frito','app.bottom_inicio',true,'enabled',0),
('pollo_frito','app.bottom_historial',false,'hidden',10),
('pollo_frito','app.bottom_citas',false,'hidden',20),
('pollo_frito','app.bottom_carrito',true,'enabled',30),
('pollo_frito','app.section_main_list',true,'enabled',100),
('pollo_frito','app.section_news',true,'enabled',110),
('pollo_frito','app.section_contact',true,'enabled',120),
('pollo_frito','app.section_profile',true,'enabled',130),
('banquetes','app.bottom_inicio',true,'enabled',0),
('banquetes','app.bottom_historial',true,'enabled',10),
('banquetes','app.bottom_citas',true,'enabled',20),
('banquetes','app.bottom_carrito',false,'hidden',30),
('banquetes','app.section_main_list',true,'enabled',100),
('banquetes','app.section_news',true,'enabled',110),
('banquetes','app.section_contact',true,'enabled',120),
('banquetes','app.section_profile',true,'enabled',130),
('sonido','app.bottom_inicio',true,'enabled',0),
('sonido','app.bottom_historial',true,'enabled',10),
('sonido','app.bottom_citas',false,'hidden',20),
('sonido','app.bottom_carrito',false,'hidden',30),
('sonido','app.section_main_list',true,'enabled',100),
('sonido','app.section_news',true,'enabled',110),
('sonido','app.section_contact',true,'enabled',120),
('sonido','app.section_profile',true,'enabled',130),
('ecologica','app.bottom_inicio',true,'enabled',0),
('ecologica','app.bottom_historial',false,'hidden',10),
('ecologica','app.bottom_citas',false,'hidden',20),
('ecologica','app.bottom_carrito',true,'enabled',30),
('ecologica','app.section_main_list',true,'enabled',100),
('ecologica','app.section_news',true,'enabled',110),
('ecologica','app.section_contact',true,'enabled',120),
('ecologica','app.section_profile',true,'enabled',130),
('gamer','app.bottom_inicio',true,'enabled',0),
('gamer','app.bottom_historial',false,'hidden',10),
('gamer','app.bottom_citas',false,'hidden',20),
('gamer','app.bottom_carrito',true,'enabled',30),
('gamer','app.section_main_list',true,'enabled',100),
('gamer','app.section_news',true,'enabled',110),
('gamer','app.section_contact',true,'enabled',120),
('gamer','app.section_profile',true,'enabled',130),
('paneles_solares','app.bottom_inicio',true,'enabled',0),
('paneles_solares','app.bottom_historial',true,'enabled',10),
('paneles_solares','app.bottom_citas',false,'hidden',20),
('paneles_solares','app.bottom_carrito',false,'hidden',30),
('paneles_solares','app.section_main_list',true,'enabled',100),
('paneles_solares','app.section_news',true,'enabled',110),
('paneles_solares','app.section_contact',true,'enabled',120),
('paneles_solares','app.section_profile',true,'enabled',130),
('cctv','app.bottom_inicio',true,'enabled',0),
('cctv','app.bottom_historial',true,'enabled',10),
('cctv','app.bottom_citas',false,'hidden',20),
('cctv','app.bottom_carrito',false,'hidden',30),
('cctv','app.section_main_list',true,'enabled',100),
('cctv','app.section_news',true,'enabled',110),
('cctv','app.section_contact',true,'enabled',120),
('cctv','app.section_profile',true,'enabled',130),
('software','app.bottom_inicio',true,'enabled',0),
('software','app.bottom_historial',true,'enabled',10),
('software','app.bottom_citas',false,'hidden',20),
('software','app.bottom_carrito',false,'hidden',30),
('software','app.section_main_list',true,'enabled',100),
('software','app.section_news',true,'enabled',110),
('software','app.section_contact',true,'enabled',120),
('software','app.section_profile',true,'enabled',130),
('marketing_digital','app.bottom_inicio',true,'enabled',0),
('marketing_digital','app.bottom_historial',true,'enabled',10),
('marketing_digital','app.bottom_citas',false,'hidden',20),
('marketing_digital','app.bottom_carrito',false,'hidden',30),
('marketing_digital','app.section_main_list',true,'enabled',100),
('marketing_digital','app.section_news',true,'enabled',110),
('marketing_digital','app.section_contact',true,'enabled',120),
('marketing_digital','app.section_profile',true,'enabled',130),
('hosting_web','app.bottom_inicio',true,'enabled',0),
('hosting_web','app.bottom_historial',true,'enabled',10),
('hosting_web','app.bottom_citas',false,'hidden',20),
('hosting_web','app.bottom_carrito',false,'hidden',30),
('hosting_web','app.section_main_list',true,'enabled',100),
('hosting_web','app.section_news',true,'enabled',110),
('hosting_web','app.section_contact',true,'enabled',120),
('hosting_web','app.section_profile',true,'enabled',130),
('coworking','app.bottom_inicio',true,'enabled',0),
('coworking','app.bottom_historial',true,'enabled',10),
('coworking','app.bottom_citas',true,'enabled',20),
('coworking','app.bottom_carrito',true,'enabled',30),
('coworking','app.section_main_list',true,'enabled',100),
('coworking','app.section_news',true,'enabled',110),
('coworking','app.section_contact',true,'enabled',120),
('coworking','app.section_profile',true,'enabled',130),
('impresion_3d','app.bottom_inicio',true,'enabled',0),
('impresion_3d','app.bottom_historial',true,'enabled',10),
('impresion_3d','app.bottom_citas',false,'hidden',20),
('impresion_3d','app.bottom_carrito',false,'hidden',30),
('impresion_3d','app.section_main_list',true,'enabled',100),
('impresion_3d','app.section_news',true,'enabled',110),
('impresion_3d','app.section_contact',true,'enabled',120),
('impresion_3d','app.section_profile',true,'enabled',130),
('drones','app.bottom_inicio',true,'enabled',0),
('drones','app.bottom_historial',false,'hidden',10),
('drones','app.bottom_citas',false,'hidden',20),
('drones','app.bottom_carrito',true,'enabled',30),
('drones','app.section_main_list',true,'enabled',100),
('drones','app.section_news',true,'enabled',110),
('drones','app.section_contact',true,'enabled',120),
('drones','app.section_profile',true,'enabled',130),
('automatizacion','app.bottom_inicio',true,'enabled',0),
('automatizacion','app.bottom_historial',true,'enabled',10),
('automatizacion','app.bottom_citas',false,'hidden',20),
('automatizacion','app.bottom_carrito',false,'hidden',30),
('automatizacion','app.section_main_list',true,'enabled',100),
('automatizacion','app.section_news',true,'enabled',110),
('automatizacion','app.section_contact',true,'enabled',120),
('automatizacion','app.section_profile',true,'enabled',130),
('ia_chatbots','app.bottom_inicio',true,'enabled',0),
('ia_chatbots','app.bottom_historial',true,'enabled',10),
('ia_chatbots','app.bottom_citas',false,'hidden',20),
('ia_chatbots','app.bottom_carrito',false,'hidden',30),
('ia_chatbots','app.section_main_list',true,'enabled',100),
('ia_chatbots','app.section_news',true,'enabled',110),
('ia_chatbots','app.section_contact',true,'enabled',120),
('ia_chatbots','app.section_profile',true,'enabled',130),
('criptomonedas','app.bottom_inicio',true,'enabled',0),
('criptomonedas','app.bottom_historial',true,'enabled',10),
('criptomonedas','app.bottom_citas',false,'hidden',20),
('criptomonedas','app.bottom_carrito',false,'hidden',30),
('criptomonedas','app.section_main_list',true,'enabled',100),
('criptomonedas','app.section_news',true,'enabled',110),
('criptomonedas','app.section_contact',true,'enabled',120),
('criptomonedas','app.section_profile',true,'enabled',130),
('dark_kitchen','app.bottom_inicio',true,'enabled',0),
('dark_kitchen','app.bottom_historial',false,'hidden',10),
('dark_kitchen','app.bottom_citas',false,'hidden',20),
('dark_kitchen','app.bottom_carrito',true,'enabled',30),
('dark_kitchen','app.section_main_list',true,'enabled',100),
('dark_kitchen','app.section_news',true,'enabled',110),
('dark_kitchen','app.section_contact',true,'enabled',120),
('dark_kitchen','app.section_profile',true,'enabled',130),
('ghost_kitchen','app.bottom_inicio',true,'enabled',0),
('ghost_kitchen','app.bottom_historial',false,'hidden',10),
('ghost_kitchen','app.bottom_citas',false,'hidden',20),
('ghost_kitchen','app.bottom_carrito',true,'enabled',30),
('ghost_kitchen','app.section_main_list',true,'enabled',100),
('ghost_kitchen','app.section_news',true,'enabled',110),
('ghost_kitchen','app.section_contact',true,'enabled',120),
('ghost_kitchen','app.section_profile',true,'enabled',130),
('domotica','app.bottom_inicio',true,'enabled',0),
('domotica','app.bottom_historial',true,'enabled',10),
('domotica','app.bottom_citas',false,'hidden',20),
('domotica','app.bottom_carrito',false,'hidden',30),
('domotica','app.section_main_list',true,'enabled',100),
('domotica','app.section_news',true,'enabled',110),
('domotica','app.section_contact',true,'enabled',120),
('domotica','app.section_profile',true,'enabled',130)
ON CONFLICT (giro_slug, button_key) DO UPDATE SET activo=EXCLUDED.activo, state=EXCLUDED.state, orden=EXCLUDED.orden, updated_at=now();
